ccode,scode,country,uscrireg,region,source08,idp08,host08,source07,idp07,host07,source06,idp06,host06,source05,idp05,host05,source04,idp04,host04,source03,idp03,host03,source02,idp02,host02,source01,idp01,host01,source00,idp00,host00,source99,idp99,host99,source98,idp98,host98,source97,idp97,host97,source96,idp96,host96,source95,idp95,host95,source94,idp94,host94,source93,idp93,host93,source92,idp92,host92,source91,idp91,host91,source90,idp90,host90,source89,idp89,host89,source88,idp88,host88,source87,idp87,host87,source86,idp86,host86,source85,idp85,host85,source84,idp84,host84,source83,idp83,host83,source82,idp82,host82,source81,idp81,host81,source80,idp80,host80,source79,idp79,host79,source78,idp78,host78,source77,idp77,host77,source76,idp76,host76,source75,idp75,host75,source74,idp74,host74,source73,idp73,host73,source72,idp72,host72,source71,idp71,host71,source70,idp70,host70,source69,idp69,host69,source68,idp68,host68,source67,idp67,host67,source66,idp66,host66,source65,idp65,host65,source64,idp64,host64
315,CZE,Czechoslovakia,,2,,,,,,,,,,,,,,,,,,,,,,,,,,,,,,,,,,,,,,,,,,,,,,,,,0,0,2,0,0,3,0,0,2,0,0,0,0,0,0,0,0,0,0,0,0,0,0,0,0,0,0,0,0,0,0,0,0,0,0,0,5,0,0,,,,999,0,0,999,0,0,999,0,0,,,,999,0,0,,,,999,0,0,999,0,0,999,0,0,999,0,0,999,0,0,999,0,0,999,0,0,999,0,0,999,0,0
992,EEU,Eastern Europe,,2,,,,,,,,,,,,,,,,,,,,,,,,,,,,,,,,,,,,,,,,,,,,,,,,,,,,0,0,0,0,0,0,0,0,0,0,0,0,0,0,0,0,0,0,0,0,0,0,0,0,0,0,0,999,0,0,0,0,0,0,0,0,,,,35,0,0,27,0,0,27,0,0,,,,434,0,0,,,,446,0,0,554,0,0,579,0,0,534,0,0,549,0,0,498,0,0,161,0,0,146,0,0,144,0,0
998,FSU,Former USSR,,2,,,,,,,,,,,,,,,,,,,,,,,,,,,,,,,143,,,323,,,112,,,97,,,75,,,,,,,,,,,,,,,,,,,,,,,,,,,,,,,,,,,,,,,,,,,,,,,,,,,,,,,,,,,,,,,,,,,,,,,,,,,,,,,,,,,,,,,,,,,,
997,FYG,Former Yugoslavia,,2,,,,,,,,,,,,,,,,,,,,,,,,,,,,,,,4,,,14,,,7,,,69,,,53,,,1320,,,1768,,,,,,,,,,,,,,,,,,,,,,,,,,,,,,,,,,,,,,,,,,,,,,,,,,,,,,,,,,,,,,,,,,,,,,,,,,,,,,,,,,,,,,
265,GDR,Germany East,,2,,,,,,,,,,,,,,,,,,,,,,,,,,,,,,,,,,,,,,,,,,,,,,,,,,,,0,0,0,0,0,0,0,0,0,0,0,0,0,0,0,0,0,0,0,0,0,0,0,0,0,0,0,0,0,0,0,0,0,12,0,0,,,,999,0,0,999,0,0,999,0,0,,,,999,0,0,,,,999,0,0,999,0,0,999,0,0,999,0,0,999,0,0,999,0,0,999,0,0,999,0,0,999,0,0
993,LAM,Latin America,,7,,,,,,,,,,,,,,,,,,,,,,,,,,,,,,,,,,,,,,,,,,,,,,,,,,,,984,0,0,1475,0,0,1987,0,0,1510,0,0,600,0,0,0,0,0,0,0,0,0,0,0,0,0,0,999,0,0,0,0,0,0,0,0,,,,0,0,0,0,0,0,0,0,0,,,,13,0,125,,,,100,0,212,100,0,208,0,0,113,0,0,158,0,0,170,0,0,165,0,0,130,0,0,130,0,0,0
,,Other Europe,,,,,11,,,13,,,11,,,,,,,,,,,,,,,,,,,,,,,,,,,,,,,,,,,,,,,,,,,,,,,,,,,,,,,,,,,,,,,,,,,,,,,,,,,,,,,,,,,,,,,,,,,,,,,,,,,,,,,,,,,,,,,,,,,,,,,,,,,,,,
,,Other Africa,,,,,2,,,2,,,4,,,,,,,,,,,,,,,,,,,,,,,,,,,,,,,,,,,,,,,,,,,,,,,,,,,,,,,,,,,,,,,,,,,,,,,,,,,,,,,,,,,,,,,,,,,,,,,,,,,,,,,,,,,,,,,,,,,,,,,,,,,,,,
,,Other Americas,,,,,9,,,9,,,8,,,,,,,,,,,,,,,,,,,,,,,,,,,,,,,,,,,,,,,,,,,,,,,,,,,,,,,,,,,,,,,,,,,,,,,,,,,,,,,,,,,,,,,,,,,,,,,,,,,,,,,,,,,,,,,,,,,,,,,,,,,,,,
,,Other Asia,,,,,9,,,9,,,6,,,,,,,,,,,,,,,,,,,,,,,,,,,,,,,,,,,,,,,,,,,,,,,,,,,,,,,,,,,,,,,,,,,,,,,,,,,,,,,,,,,,,,,,,,,,,,,,,,,,,,,,,,,,,,,,,,,,,,,,,,,,,,
,,Other Middle East,,,,,2,,,4,,,4,,,,,,,,,,,,,,,,,,,,,,,,,,,,,,,,,,,,,,,,,,,,,,,,,,,,,,,,,,,,,,,,,,,,,,,,,,,,,,,,,,,,,,,,,,,,,,,,,,,,,,,,,,,,,,,,,,,,,,,,,,,,,,
260,GFR,Germany West,,1,,,,,,,,,,,,,,,,,,,,,,,,,,,,,,,,,,,,,,,,,,,,,,,,,,,,0,0,256,0,0,193,0,0,121,0,0,103,0,0,57,0,0,70,0,0,0,0,0,0,0,0,0,0,0,94,0,0,70,0,0,80,,,,0,0,60,0,0,52,0,0,52,,,,0,0,121,,,,0,0,127,0,0,125,0,0,110,0,0,115,0,0,182,0,0,180,0,0,18,0,0,15,0,0,0
678,YAR,Yemen Arab Republic,,5,,,,,,,,,,,,,,,,,,,,,,,,,,,,,,,,,,,,,,,,,,,,,,,,,,,,0,0,11,0,0,1,0,0,57,0,0,62,0,0,61,0,0,30,0,0,0,0,0,0,0,0,0,0,0,0,0,0,15,0,0,15,,,,0,0,0,0,0,0,0,0,0,,,,0,0,0,,,,0,0,0,0,0,0,0,0,0,0,0,0,0,0,0,0,0,0,0,0,0,0,0,0,0,0,0
680,YPR,Yemen PDR,,5,,,,,,,,,,,,,,,,,,,,,,,,,,,,,,,,,,,,,,,,,,,,,,,,,,,,0,0,0,0,0,0,55,0,0,55,0,0,61,0,0,0,0,0,0,0,0,0,0,0,0,0,0,0,0,0,15,0,0,18,0,0,,,,0,0,0,0,0,0,0,0,0,,,,0,0,0,,,,0,0,0,0,0,0,0,0,0,0,0,0,0,0,0,0,0,0,0,0,0,0,0,0,0,0,0
615,ALG,Algeria,1,5,0,0,96,0,0,96,0,0,95,0,500,95,0,500,102,170,150,0,10,150,85,10,150,85,50,150,85,50,150,84,40,150,84,2,999,104,0,10,114,0,0,120,0,0,130,0,0,121,0,0,210,0,0,204,0,0,189,0,0,170,0,0,167,0,0,167,0,0,167,0,0,167,0,0,167,0,0,54,0,0,65,0,0,52,0,0,52,,,,0,0,51,0,0,0,25,0,20,,,,0,0,8,,,,0,0,0,0,0,0,0,0,0,0,0,0,999,0,0,999,0,0,999,0,0,999,0,0,0,0,150
540,ANG,Angola,1,6,152,20,16,169,20,15,195,62,16,214,0,15,223,0,15,13,1000,323,410,2750,12,445,2500,12,400,2450,12,340,1750,15,302,1200,10,223,1200,9,220,1200,9,313,1500,11,344,2000,11,335,2000,11,404,900,9,443,827,10,436,704,12,438,908,26,396,975,96,404,3500,92,376,480,92,358,500,92,301,375,96,237,70,93,999,50,73,18,0,73,178,0,61,,,,1505,350,225,635,350,0,631,350,0,,,,427,0,5,,,,430,0,5,415,0,5,567,0,4,487,0,6,414,0,6,504,0,4,406,0,0,256,0,0,150,0,0
434,BEN,Benin,1,6,0,0,8,0,0,8,0,0,12,0,0,32,0,0,6,5,0,0,0,0,6,0,0,5,0,0,4,0,0,3,0,0,3,0,0,3,0,0,11,0,0,25,0,0,50,0,0,120,0,0,4,0,0,15,0,0,0,0,0,0,0,0,3,0,0,4,0,0,4,0,0,0,0,0,0,0,0,0,0,0,0,0,0,0,0,0,0,,,,0,0,0,0,0,0,0,0,0,,,,0,0,0,,,,0,0,0,0,0,0,0,0,0,0,0,12,0,0,12,0,0,12,0,0,28,0,0,28,0,0,12
571,BOT,Botswana,1,6,0,0,23,0,0,3,0,0,3,0,0,0,0,0,4,5,0,0,0,0,4,0,0,4,0,0,3,0,0,1,0,0,0,0,0,0,0,0,0,0,0,0,0,0,0,0,0,0,0,0,0,0,0,1,0,0,1,0,0,0,0,0,3,0,0,5,0,0,5,0,0,5,0,0,5,0,0,1,0,0,2,0,0,3,0,0,31,,,,0,0,8,0,0,2,0,0,1,,,,0,0,4,,,,0,0,5,0,0,4,0,0,4,0,0,4,0,0,1,0,0,0,0,0,0,0,0,0,0,0,0
439,BFO,Burkina Faso,1,6,0,0,0,0,0,0,0,0,0,0,0,0,0,0,0,0,0,0,0,0,0,0,0,0,0,0,0,0,0,0,0,0,0,0,0,2,0,0,26,0,0,21,0,0,30,0,0,6,0,0,6,0,0,0,0,0,0,0,0,0,0,0,0,0,0,0,0,0,0,0,0,0,0,0,0,0,0,0,0,0,0,0,0,0,0,0,0,,,,0,0,0,0,0,0,0,0,0,,,,0,0,0,,,,0,0,0,0,0,0,0,0,0,0,0,0,0,0,0,0,0,0,0,0,0,0,0,0,0,0,0
516,BUI,Burundi,1,6,277,0,26,425,100,32,394,100,20,439,0,41,482,0,61,42,400,355,400,400,41,375,600,28,420,600,6,310,800,2,281,500,5,248,500,12,285,400,12,290,300,140,330,400,165,780,500,110,184,0,107,208,0,294,186,0,278,186,0,90,187,0,76,179,0,76,189,0,61,164,0,61,176,0,57,151,0,55,999,0,55,141,0,235,154,0,50,,,,153,0,50,142,0,48,0,0,48,,,,143,0,47,,,,47,0,45,23,0,40,12,0,46,13,0,92,13,0,79,13,0,79,0,0,70,0,0,80,0,0,35
471,CAO,Cameroon,1,6,0,0,92,0,0,97,0,0,71,0,0,59,2,0,65,25,0,0,0,0,17,0,0,32,0,0,45,0,0,10,0,0,3,1,0,1,2,0,1,2,0,2,0,0,2,0,0,2,0,0,2,0,0,42,0,0,49,0,0,4,0,0,5,0,0,7,0,0,5,0,0,14,0,0,4,0,0,1,0,0,20,0,0,266,0,0,30,,,,0,0,0,0,0,0,0,0,0,,,,0,0,0,,,,0,0,0,0,0,0,0,0,0,0,0,0,0,0,0,0,0,0,0,0,0,0,0,0,0,0,0
482,CEN,Central African Republic,1,6,122,108,9,98,108,10,73,150,14,41,200,27,30,200,31,51,200,41,15,10,50,22,5,49,0,0,54,0,0,55,0,0,47,0,0,38,0,0,36,0,0,34,0,0,42,0,0,41,0,0,18,0,0,9,0,0,6,0,0,3,0,0,3,0,0,5,0,0,15,0,0,37,0,0,7,0,0,6,0,0,5,0,0,7,0,0,0,,,,0,0,0,0,0,0,0,0,0,,,,0,0,8,,,,0,0,6,0,0,30,0,0,28,0,0,25,0,0,41,0,0,43,0,0,21,0,0,8,0,0,0
483,CHA,Chad,1,6,77,167,330,102,186,294,85,113,287,46,0,276,54,0,260,156,0,3,0,0,16,35,0,15,53,0,20,15,0,20,16,0,10,12,0,0,16,0,0,16,0,0,29,0,0,33,0,0,24,0,0,70,0,0,78,0,0,0,225,0,41,225,0,66,225,0,123,325,0,176,325,0,16,50,0,17,0,0,999,100,0,396,0,0,9,0,0,,,,0,0,0,0,0,0,0,0,0,,,,2,0,0,,,,2,0,0,2,0,0,2,0,0,0,0,0,0,0,0,0,0,0,0,0,0,0,0,0,0,0,0
581,COM,Comoros,1,6,0,0,0,0,0,0,0,0,0,0,0,0,0,0,0,0,0,0,0,0,0,0,0,0,0,0,0,0,0,0,0,0,0,0,0,0,0,0,0,0,0,0,0,0,0,0,0,0,0,0,0,0,0,0,0,0,0,0,0,0,0,0,0,0,0,0,0,0,0,0,0,0,0,0,0,0,0,0,0,0,0,0,0,0,0,0,0,,,,0,0,0,0,0,0,0,0,0,,,,,,,,,,,,,,,,,,,,,,,,,,,,,,,,,,,,
484,CON,Congo-Brazzaville,1,6,19,8,40,13,8,44,13,8,60,19,0,70,23,0,72,91,60,20,25,100,118,30,50,102,20,30,126,25,500,40,20,250,20,40,250,21,0,0,16,0,0,15,0,0,16,0,0,13,0,0,9,0,0,3,0,0,3,0,0,2,0,0,2,0,0,1,0,0,1,0,0,1,0,0,0,0,0,0,0,0,0,0,0,0,0,0,0,,,,0,0,0,0,0,0,0,0,0,,,,0,0,0,,,,0,0,0,0,0,0,0,0,0,0,0,0,0,0,0,0,0,0,0,0,0,0,0,0,0,0,0
490,ZAI,Congo-Kinshasa,1,6,361,2000,193,364,1400,178,413,1100,209,451,1664,205,469,2330,2001,241,3200,440,410,2000,274,355,2000,305,350,1800,276,240,800,235,136,300,220,132,100,255,117,400,455,59,225,1332,56,550,1527,79,700,452,67,100,442,67,2000,0,51,0,371,50,0,339,53,0,326,54,0,338,43,0,333,77,0,328,82,0,304,79,0,270,999,0,370,277,0,400,69,0,194,,,,0,0,612,0,0,298,0,0,298,,,,43,0,459,,,,42,0,461,49,0,490,55,0,669,75,0,582,89,0,486,89,0,559,63,0,478,25,0,290,0,0,210
522,DJI,Djibouti,1,5,0,0,9,0,0,8,0,0,9,0,0,11,0,0,18,36,0,0,0,0,23,0,0,22,1,0,22,1,0,23,0,0,23,0,0,22,10,25,22,10,0,25,10,0,60,7,140,60,0,0,96,0,0,120,0,0,67,0,0,46,0,0,2,0,0,14,0,0,17,0,0,17,0,0,0,0,0,32,0,0,30,0,0,42,0,0,50,,,,0,0,6,0,0,0,0,0,0,,,,0,0,0,,,,0,0,0,0,0,0,0,0,0,12,0,0,12,0,0,12,0,0,0,0,0,0,0,0,0,0,0
651,EGY,Egypt,1,5,0,0,152,0,0,165,0,0,173,0,0,87,0,0,86,69,0,0,0,0,78,0,0,75,0,0,57,3,0,47,0,0,46,0,0,46,0,0,46,0,0,10,0,0,11,0,0,11,0,0,11,0,0,108,0,0,108,0,0,56,0,0,66,0,0,61,0,0,57,0,0,6,0,0,0,0,0,1,0,0,6,0,0,5,0,0,0,,,,0,0,5,0,0,12,0,0,12,,,,0,0,37,,,,0,300,8,0,700,8,0,700,8,0,0,0,0,0,45,0,0,39,0,0,318,0,0,289,0,0,284
411,EQG,Equatorial Guinea,1,6,0,0,0,0,0,0,0,0,0,0,0,0,0,0,0,0,0,0,0,0,0,0,0,0,0,0,0,0,0,0,0,0,0,0,0,0,0,0,0,0,0,0,0,0,0,0,0,0,0,0,0,0,0,0,0,0,0,0,0,0,0,0,0,0,0,0,0,0,0,0,0,0,0,0,0,0,0,0,0,0,0,0,0,0,0,0,0,,,,0,0,0,0,0,0,0,0,0,,,,0,0,0,,,,0,0,0,0,0,0,0,0,0,0,0,0,0,0,0,,,,,,,,,,,,
531,ERI,Eritrea,1,6,235,10,5,274,32,7,255,43,7,215,0,6,204,0,5,4,75,280,290,75,3,305,90,2,350,310,1,320,250,2,323,100,3,323,0,3,343,0,1,342,0,0,384,0,0,422,200,0,,,,,,,,,,,,,,,,,,,,,,,,,,,,,,,,,,,,,,,,,,,,,,,,,,,,,,,,,,,,,,,,,,,,,,,,,,,,,,,,,,,,,,,
530,ETH,Ethiopia,1,6,78,300,135,62,200,202,78,190,147,64,150,101,52,0,116,112,90,19,20,90,115,13,100,114,40,280,194,50,300,246,40,150,251,48,0,313,58,0,328,111,0,308,191,400,250,232,500,156,835,600,416,752,1000,534,1226,1000,783,1036,1100,740,1101,1100,740,1122,1100,220,1230,1100,110,1286,1100,72,1209,1650,40,883,157,5,1050,150,11,1967,1800,11,1529,850,11,,,,177,653,10,91,0,8,91,0,11,,,,52,0,5,,,,55,0,0,55,0,93,48,0,90,227,0,90,220,0,92,215,0,90,0,0,80,0,0,75,0,0,0
481,GAB,Gabon,1,6,0,0,13,0,0,13,0,0,13,0,0,13,0,0,19,19,0,0,0,0,20,0,0,20,0,0,15,0,0,15,0,0,0,0,0,1,0,0,1,0,0,1,0,0,0,0,0,0,0,0,0,0,0,0,0,0,0,0,0,0,0,0,0,0,0,0,0,0,0,0,0,0,0,0,0,0,0,0,0,0,0,0,0,30,0,0,80,,,,0,0,0,0,0,0,0,0,0,,,,0,0,0,,,,0,0,0,0,0,0,0,0,0,0,0,0,0,0,1,0,0,0,0,0,0,0,0,0,0,0,0
420,GAM,Gambia,1,6,0,0,15,0,0,14,0,0,14,0,0,9,0,0,11,10,0,0,0,0,10,0,0,15,0,0,15,0,0,25,0,0,13,0,0,8,0,0,5,0,0,5,0,0,1,0,0,2,0,0,3,,,,,,,,,,,,,,,,,,,,,,,,,,,,,,,,,,,,,,,,,,,,,,,,,,,,,,,,,,,,,,,,,,,,,,,,,,,,,,,,,,,,
452,GHA,Ghana,1,6,5,0,19,5,0,40,5,0,51,8,0,59,10,0,48,48,0,12,10,0,41,10,0,12,10,0,13,10,0,12,11,20,15,12,20,0,10,20,35,10,150,85,5,0,110,0,0,133,0,0,12,0,0,6,0,0,8,0,0,0,0,0,0,0,0,0,0,0,0,2,0,0,5,0,0,0,0,0,0,0,0,0,0,0,0,0,0,,,,0,0,0,0,0,0,0,0,0,,,,0,0,0,,,,0,0,0,0,0,0,0,0,0,0,0,0,0,0,0,0,0,0,6,0,0,6,0,0,6,0,0
404,GNB,Guinea-Bissau,1,6,0,0,8,0,0,8,0,0,8,0,0,8,0,0,8,10,0,0,0,0,7,0,0,7,2,0,6,4,50,5,11,200,5,0,0,4,0,0,15,0,0,15,0,0,16,0,0,16,0,0,12,,,,,,,,,,,,,,,,,,,,,,,,,,,,,,,,,,,,,,,,,,,,,,,,,,,,,,,,,,,,,,,,,,,,,,,,,,,,,,,,,,,,
438,GUI,Guinea,1,6,0,0,28,0,0,29,0,19,35,0,0,67,0,0,145,223,20,0,0,20,182,5,100,190,0,60,390,0,0,453,0,0,514,0,0,430,0,0,650,0,0,640,0,0,580,0,0,570,0,0,485,0,0,566,0,0,325,0,0,13,0,0,0,0,0,0,0,0,0,0,0,0,0,0,0,0,0,0,0,0,0,0,0,0,0,0,0,,,,0,0,0,0,0,0,0,0,0,,,,0,0,15,,,,0,0,15,0,0,15,0,0,0,0,0,0,0,0,0,0,0,0,0,0,0,0,0,0,0,0,0
437,IVO,Ivory Coast,1,6,24,600,26,15,621,26,21,750,41,20,500,44,45,650,74,74,500,55,25,600,50,0,5,103,0,0,94,0,0,135,0,0,128,0,0,202,0,0,320,0,0,290,0,0,320,0,0,250,0,0,196,0,0,240,0,0,270,0,0,56,0,0,0,0,0,0,0,0,0,0,0,0,0,0,0,0,0,0,0,0,0,0,0,0,0,0,0,,,,0,0,0,0,0,0,0,0,0,,,,0,0,0,,,,0,0,0,0,0,0,0,0,0,0,0,0,0,0,0,0,0,0,0,0,0,0,0,0,0,0,0
501,KEN,Kenya,1,6,0,400,377,0,400,319,0,431,338,10,382,315,10,360,269,219,230,0,0,230,221,0,225,243,0,100,233,5,100,254,0,200,192,0,150,196,8,100,186,8,210,225,8,210,257,6,300,332,0,45,423,0,0,107,0,0,14,0,0,16,0,0,11,0,0,9,0,0,8,0,0,8,0,0,8,0,0,4,0,0,4,0,0,4,0,0,7,,,,0,0,3,0,0,2,0,0,0,,,,0,0,2,,,,0,0,0,0,0,0,0,0,0,220,0,0,220,0,0,220,0,0,2,0,0,2,0,0,0,0,0
570,LES,Lesotho,1,6,0,0,0,0,0,0,0,0,0,0,0,0,0,0,0,0,0,0,0,0,0,0,0,0,0,0,0,0,0,0,0,0,0,0,0,0,0,0,0,0,0,0,0,0,0,0,0,0,0,0,0,0,0,4,0,0,1,0,0,4,0,0,4,0,0,2,0,0,2,0,0,12,0,0,1,0,0,1,0,0,11,0,0,10,0,0,1,,,,0,0,1,0,0,1,0,0,0,,,,0,0,0,,,,0,0,0,0,0,0,0,0,0,0,0,0,0,0,0,0,0,0,0,0,0,0,0,0,0,0,0
450,LBR,Liberia,1,6,77,0,19,98,0,11,141,13,16,220,0,16,328,464,39,60,500,384,280,125,65,215,80,60,200,20,70,250,50,90,310,75,120,475,500,100,755,1000,100,725,1000,120,784,1100,100,701,1000,110,599,600,100,662,500,12,730,500,0,68,0,0,0,0,0,0,0,0,0,0,0,0,0,0,0,0,0,0,0,0,0,0,0,0,0,0,0,0,0,,,,0,0,0,0,0,0,0,0,0,,,,0,0,0,,,,0,0,0,0,0,0,0,0,0,0,0,0,0,0,0,0,0,0,0,0,0,0,0,0,0,0,0
620,LIB,Libya,1,5,0,0,19,0,0,16,0,0,11,0,0,12,0,0,12,0,0,0,0,0,12,0,0,33,0,0,11,0,0,11,0,0,28,0,0,27,0,0,27,0,0,28,0,0,0,0,0,0,0,0,0,0,0,0,0,0,0,0,0,24,0,0,24,0,0,24,0,0,24,0,0,0,0,0,0,0,0,0,0,0,0,0,0,0,0,0,0,,,,0,0,0,0,0,0,0,0,0,,,,0,0,5,,,,0,0,0,0,0,0,0,0,0,0,0,0,0,0,0,0,0,0,0,0,0,0,0,0,0,0,0
580,MAG,Madagascar,1,6,0,0,0,0,0,0,0,0,0,0,0,0,0,0,0,0,0,0,0,0,0,0,0,0,0,0,0,0,0,0,0,0,0,0,0,0,0,0,0,0,0,0,0,0,0,0,0,0,0,0,0,0,0,0,0,0,0,0,0,0,0,0,0,0,0,0,0,0,0,0,0,0,0,0,0,0,0,0,0,0,0,0,0,0,0,0,0,,,,0,0,0,0,0,0,0,0,0,,,,0,0,0,,,,0,0,0,0,0,0,0,0,0,0,0,0,0,0,0,0,0,0,0,0,0,0,0,0,0,0,0
553,MAW,Malawi,1,6,16,0,12,7,0,9,9,0,9,4,0,10,3,0,7,12,0,0,0,0,13,0,0,6,0,0,0,0,0,0,0,0,0,0,0,0,0,0,0,0,0,2,0,0,70,0,0,700,0,0,1070,0,0,950,0,0,909,0,0,812,0,0,630,0,0,420,0,0,70,0,0,0,0,0,0,0,0,0,0,0,0,0,0,0,0,0,0,,,,0,0,0,0,0,0,0,0,0,,,,0,0,32,,,,0,0,32,0,0,22,0,0,15,0,0,15,0,0,20,0,0,20,0,0,0,0,0,0,0,0,0
432,MLI,Mali,1,6,4,0,11,4,0,13,4,0,13,3,0,13,4,0,12,7,0,0,0,0,4,0,0,9,0,0,7,2,0,7,3,0,5,16,0,17,80,0,15,90,10,15,115,0,15,87,0,13,81,0,10,53,0,14,21,0,11,0,0,0,0,0,0,0,0,0,0,0,0,0,0,0,0,0,0,0,0,0,0,0,0,0,0,0,0,0,0,,,,0,0,0,0,0,0,0,0,0,,,,0,0,0,,,,0,0,0,0,0,0,0,0,0,0,0,0,0,0,0,0,0,0,0,0,0,0,0,0,0,0,0
435,MAA,Mauritania,1,6,39,0,31,27,0,31,26,0,30,29,0,31,29,0,31,27,0,23,45,0,25,50,0,25,50,0,25,45,0,25,30,0,20,55,0,5,65,0,15,80,0,35,75,0,55,79,0,46,65,0,40,66,0,40,60,0,22,0,0,22,0,0,0,0,0,0,0,0,0,0,0,0,0,0,0,0,0,0,0,0,0,0,0,0,0,0,0,,,,0,0,0,0,0,0,0,0,0,,,,0,0,0,,,,0,0,0,0,0,0,0,0,0,0,0,0,0,0,0,0,0,0,0,0,0,0,0,0,0,0,0
590,MAS,Mauritius,1,6,0,0,0,0,0,0,0,0,0,0,0,0,0,0,0,0,0,0,0,0,0,0,0,0,0,0,0,0,0,0,0,0,0,0,0,0,0,0,0,0,0,0,0,0,0,0,0,0,0,0,0,0,0,0,0,0,0,0,0,0,0,0,0,0,0,0,0,0,0,0,0,0,0,0,0,0,0,0,0,0,0,0,0,0,0,0,0,,,,0,0,0,0,0,0,0,0,0,,,,0,0,0,,,,0,0,0,0,0,0,0,0,0,0,0,0,0,0,0,0,0,0,0,0,0,0,0,0,0,0,0
600,MOR,Morocco,1,5,0,0,0,116,0,0,117,0,0,117,0,2,124,0,2,0,0,190,110,0,2,110,0,0,110,0,0,110,0,0,105,0,0,86,0,0,80,0,0,80,0,0,80,0,0,80,0,0,165,0,1,165,0,0,165,0,0,165,0,0,165,0,0,165,0,0,165,0,0,165,0,0,165,0,0,50,0,0,50,0,0,50,0,0,50,0,0,,,,50,0,0,0,0,0,20,0,25,,,,0,0,0,,,,0,0,3,0,0,3,0,0,3,0,0,3,0,0,3,0,0,1,0,0,3,0,0,3,0,0,2
541,MZM,Mozambique,1,6,4,0,13,0,0,7,0,0,7,0,0,6,0,0,6,8,0,0,0,0,7,0,0,5,0,0,2,0,0,1,0,0,0,0,0,0,0,0,0,97,500,0,325,500,0,1332,2000,0,1725,3500,0,1484,2000,0,1427,2000,0,1354,0,0,1147,1750,0,917,2000,0,349,1350,0,219,1250,0,44,400,0,0,0,0,0,50,0,0,0,0,0,0,150,,,,200,0,32,150,0,20,150,0,15,,,,101,0,0,,,,99,0,0,83,0,0,63,0,0,52,0,0,50,0,0,41,0,0,15,0,0,10,0,0,0,0,0
561,NAM,Namibia,1,6,0,0,12,0,0,8,0,0,7,0,0,14,0,0,17,15,0,0,0,0,26,0,0,31,0,0,20,1,0,8,0,0,2,0,0,1,0,0,1,0,0,1,0,0,1,0,0,5,0,0,0,0,0,30,0,0,25,0,0,25,81,0,0,78,0,0,78,0,0,78,0,0,75,0,0,75,0,0,999,0,0,50,0,0,36,0,4,,,,9,0,8,0,0,5,0,0,0,,,,2,0,0,,,,1,0,0,0,0,0,0,0,0,0,0,0,0,0,0,0,0,0,0,0,0,0,0,0,0,0,0
436,NIR,Niger,1,6,0,6,16,0,0,16,0,0,15,0,0,0,0,0,0,0,0,0,0,0,0,0,0,1,0,0,1,0,0,2,0,0,3,10,0,7,15,0,27,20,0,17,20,0,3,6,0,3,5,0,4,0,0,1,0,0,0,0,0,0,0,0,0,0,0,0,0,0,0,0,0,0,0,0,0,6,0,0,0,0,0,0,0,0,0,0,0,,,,0,0,0,0,0,0,0,0,0,,,,0,0,0,,,,0,0,0,0,0,0,0,0,0,0,0,0,0,0,0,0,0,0,16,0,0,16,0,0,0,0,0
475,NIG,Nigeria,1,6,7,0,9,3,0,10,6,0,9,19,200,9,26,225,10,10,57,39,30,50,7,10,50,7,7,0,10,0,28,7,0,3,5,1,50,9,4,30,8,0,0,8,0,0,5,0,0,4,0,0,3,0,0,5,0,0,5,0,0,5,0,0,5,0,0,5,0,0,7,0,0,7,0,0,5,0,0,0,0,0,40,0,0,110,0,0,0,,,,0,0,0,0,0,0,0,0,0,,,,0,0,0,,,,0,0,0,0,0,0,0,0,0,41,3500,0,0,3500,0,0,0,0,0,0,0,0,0,0,0,0,0
517,RWA,Rwanda,1,6,89,0,59,71,0,54,92,0,53,103,0,50,59,0,36,37,0,46,50,0,32,60,0,35,55,150,29,35,600,36,12,500,36,43,50,28,257,0,20,1545,500,0,1715,1200,0,275,300,370,202,350,24,511,100,32,511,0,22,233,0,20,218,0,21,197,0,19,189,0,19,187,0,21,149,0,49,145,0,60,999,0,10,335,0,10,175,0,8,,,,175,0,7,174,0,7,151,0,7,,,,161,0,8,,,,155,0,3,142,0,12,145,0,12,180,0,13,161,0,13,160,0,13,185,0,0,185,0,0,159,0,0
433,SEN,Senegal,1,6,15,40,36,15,40,24,15,64,23,7,0,23,12,0,23,23,17,13,11,5,45,10,5,43,10,5,41,10,0,42,10,10,30,0,10,41,17,0,51,17,0,68,17,0,60,18,0,66,15,0,55,28,0,53,0,0,55,0,0,48,0,0,5,0,0,6,0,0,6,0,0,5,0,0,5,0,0,5,0,0,4,0,0,5,0,0,0,,,,0,0,30,0,0,0,0,0,0,,,,0,0,84,,,,0,0,81,0,0,81,0,0,68,0,0,63,0,0,61,0,0,61,0,0,55,0,0,35,0,0,0
451,SIE,Sierra Leone,1,6,18,0,17,18,0,17,17,0,28,17,0,60,21,0,66,70,0,68,130,0,60,185,600,15,400,750,3,460,500,7,480,300,10,297,500,15,350,800,15,363,1000,15,260,700,20,260,400,15,200,200,8,181,145,17,0,0,125,0,0,0,0,0,0,0,0,0,0,0,0,0,0,0,0,0,0,0,0,0,0,0,0,0,0,0,0,0,0,,,,0,0,0,0,0,5,0,0,5,,,,0,0,0,,,,0,0,0,0,0,0,0,0,0,0,0,0,0,0,0,0,0,0,0,0,0,0,0,0,0,0,0
520,SOM,Somalia,1,6,530,1300,15,504,1100,2,410,400,0,328,370,3,325,400,3,0,350,277,300,350,0,300,400,0,370,300,0,425,350,0,421,250,0,486,200,0,467,250,0,480,300,0,457,500,0,491,700,0,865,2000,10,718,750,35,456,400,358,389,235,350,350,600,365,0,0,430,0,0,550,0,0,550,0,0,700,0,0,500,0,150,700,0,0,1540,0,0,1174,,,,0,0,20,0,0,0,0,0,0,,,,0,0,0,,,,0,0,0,70,0,0,70,0,0,70,0,419,70,0,419,70,0,419,70,0,0,70,0,0,0,0,0
560,SAF,South Africa,1,6,0,0,256,0,0,145,0,0,171,0,0,170,0,0,143,104,0,0,0,0,65,0,0,22,0,0,30,0,0,40,0,0,29,0,0,28,0,500,22,0,500,90,0,4000,200,11,4000,300,11,4100,250,28,4100,210,40,4100,201,0,3570,201,0,3570,180,0,3570,180,0,3500,170,28,3500,160,23,0,0,16,0,0,999,0,0,15,0,0,7,0,0,,,,3,0,0,3,0,0,0,0,5,,,,5,0,0,,,,4,0,0,5,0,0,3,0,0,2,0,0,6,0,0,6,0,0,10,0,0,10,0,0,0,0,0
625,SUD,Sudan,1,6,424,4900,234,540,6000,311,648,5355,296,671,5335,232,704,6000,226,280,4800,600,475,4000,287,440,4000,307,460,4000,385,420,4000,363,352,4000,360,353,4000,365,434,4000,395,448,4000,450,510,4000,550,373,4000,633,263,5000,750,202,4750,717,499,4500,726,435,2500,694,355,2600,694,205,1500,817,111,1300,914,72,0,1094,39,0,690,5,0,513,11,0,500,11,0,490,11,0,343,,,,10,0,154,8,0,91,11,0,91,,,,13,0,56,,,,208,0,59,176,0,60,188,0,54,178,0,46,155,0,40,135,0,0,86,0,0,60,0,0,0,0,0
572,SWA,Swaziland,1,6,0,0,0,0,0,0,0,0,0,0,0,0,0,0,0,0,0,0,0,0,1,0,0,1,0,0,0,0,0,0,0,0,0,0,0,0,0,0,0,0,0,0,0,0,0,0,0,57,0,0,52,0,0,47,0,0,47,0,0,72,0,0,71,0,0,67,0,0,12,0,0,11,0,0,7,0,0,6,0,0,6,0,0,10,0,0,4,,,,0,0,0,0,0,0,0,0,0,,,,0,0,0,,,,0,0,0,0,0,0,0,0,0,0,0,0,0,0,0,0,0,0,0,0,0,0,0,0,0,0,0
510,TAZ,Tanzania,1,6,4,0,322,0,0,433,4,0,486,5,0,549,4,0,602,480,0,0,0,0,516,0,0,498,0,0,543,0,0,413,0,0,329,0,0,295,0,0,335,0,0,703,0,0,752,0,0,480,0,0,258,0,0,451,0,0,266,0,0,266,0,0,266,0,0,266,0,0,200,0,0,179,0,0,180,0,0,155,0,0,156,0,10,140,0,40,168,,,,0,0,152,0,0,133,0,0,110,,,,0,0,177,,,,0,0,97,0,0,79,0,0,58,0,0,55,0,0,50,0,0,41,0,0,39,0,0,40,0,0,16
461,TOG,Togo,1,6,6,2,7,17,2,7,22,2,7,42,0,10,4,0,12,12,0,4,0,0,11,2,0,11,2,0,11,3,0,10,3,0,11,6,0,12,30,0,10,95,0,10,140,100,5,240,150,0,6,0,0,15,0,0,0,0,0,0,0,0,0,0,0,0,0,2,0,0,2,0,0,2,0,0,0,0,0,0,0,0,0,0,0,0,0,0,0,,,,0,0,0,0,0,0,0,0,0,,,,0,0,0,,,,0,0,0,0,0,0,0,0,0,0,0,0,0,0,0,0,0,0,0,0,6,0,0,6,0,0,6
616,TUN,Tunisia,1,5,0,0,0,0,0,0,0,0,0,0,0,0,0,0,0,0,0,0,0,0,0,0,0,0,0,0,0,0,0,0,0,0,0,0,0,0,0,0,0,0,0,0,0,0,0,0,0,0,0,0,0,0,0,0,0,0,0,0,0,10,0,0,0,0,0,0,0,0,0,0,0,0,0,0,0,0,0,0,0,0,0,0,0,0,0,0,0,,,,0,0,0,0,0,0,0,0,0,,,,0,0,0,,,,0,0,0,0,0,0,0,0,0,23,0,0,23,0,0,0,0,0,0,0,0,0,0,0,0,0,0
500,UGA,Uganda,1,6,20,622,155,21,869,236,26,2000,278,35,1741,254,29,1330,252,232,1400,28,25,650,221,20,500,174,20,500,230,15,450,197,12,400,185,10,300,185,15,70,225,10,0,230,15,0,323,20,0,257,15,0,180,15,300,285,0,300,276,0,300,170,0,225,126,97,250,120,186,300,120,282,500,151,310,678,132,230,35,103,999,50,113,188,265,112,105,0,112,,,,18,0,112,39,0,78,41,0,78,,,,3,0,114,,,,4,0,106,0,0,184,0,0,177,0,0,176,0,0,167,0,0,156,0,0,128,0,0,98,0,0,48
551,ZAM,Zambia,1,6,0,0,89,0,0,113,0,0,121,0,0,156,0,0,174,239,0,0,0,0,247,0,0,270,0,0,255,0,0,205,0,0,157,0,0,118,0,0,126,0,0,125,0,0,123,0,0,158,0,0,156,0,0,140,0,0,134,0,0,132,0,0,149,0,0,149,0,0,141,0,0,102,0,0,104,0,0,50,999,0,42,2,0,34,0,0,75,,,,0,0,45,0,0,30,0,0,20,,,,5,0,37,,,,5,0,18,20,0,18,19,0,14,19,0,12,24,0,16,4,0,6,0,0,41,0,0,36,0,0,0
552,ZIM,Zimbabwe,1,6,151,785,4,48,920,4,18,570,4,16,570,14,9,0,7,8,100,3,0,150,10,0,50,9,0,0,2,0,0,1,0,0,0,0,0,1,0,0,1,0,0,0,0,0,20,0,0,200,0,0,265,0,0,198,0,0,186,0,0,186,0,0,172,0,0,150,0,0,66,4,0,52,4,0,44,0,0,0,0,0,0,0,660,0,217,500,0,,,,51,0,0,20,0,0,15,0,0,,,,0,0,0,,,,0,0,0,0,0,0,0,0,0,0,0,0,0,0,0,0,0,0,0,0,0,0,0,0,0,0,0
339,ALB,Albania,2,2,0,0,0,0,0,0,0,0,0,2,0,0,3,0,0,0,0,0,10,0,0,0,0,0,0,0,1,0,0,5,0,0,25,0,0,0,0,0,0,0,0,0,0,0,0,0,0,0,0,0,0,10,0,0,0,0,0,0,0,0,0,0,0,0,0,0,0,0,0,0,0,0,0,0,0,0,0,0,0,0,0,0,0,0,0,0,0,,,,0,0,0,0,0,0,0,0,0,,,,26,0,0,,,,24,0,0,24,0,0,26,0,0,26,0,0,26,0,0,26,0,0,0,0,0,0,0,0,0,0,0
371,ARM,Armenia,2,5,0,8,4,0,8,5,0,8,12,2,0,11,3,0,11,11,50,0,12,50,11,9,50,11,0,0,0,188,0,240,180,60,229,188,70,219,197,50,150,185,0,304,229,0,296,200,0,290,202,0,300,,,,,,,,,,,,,,,,,,,,,,,,,,,,,,,,,,,,,,,,,,,,,,,,,,,,,,,,,,,,,,,,,,,,,,,,,,,,,,,,,,,,
305,AUS,Austria,2,1,0,0,12,0,0,13,0,0,44,0,0,17,0,0,19,18,0,0,0,0,31,0,0,11,0,0,6,0,0,17,0,0,16,0,0,11,0,0,80,0,0,56,0,0,59,0,0,78,0,0,82,0,0,35,0,0,23,0,0,23,0,0,16,0,0,18,0,0,20,0,0,21,0,0,10,0,0,18,0,0,43,0,0,23,0,0,2,,,,0,0,0,0,0,2,0,0,2,,,,0,0,25,,,,0,0,25,0,0,25,0,0,25,0,0,36,0,0,43,0,0,24,0,0,0,0,0,0,0,0,2
373,AZE,Azerbaijan,2,5,4,588,3,4,687,3,11,663,3,11,558,3,11,528,10,10,571,0,0,576,11,0,572,7,0,575,4,230,568,222,218,576,235,218,550,244,238,550,249,390,670,238,374,630,279,290,600,251,350,216,246,0,0,0,,,,,,,,,,,,,,,,,,,,,,,,,,,,,,,,,,,,,,,,,,,,,,,,,,,,,,,,,,,,,,,,,,,,,,,,,,,,,,,,,
370,BLR,Belarus,2,2,0,0,0,0,0,0,0,0,0,0,0,3,0,0,3,3,0,0,0,0,4,0,0,3,0,0,3,0,0,3,0,0,16,0,0,34,0,0,11,0,0,7,0,0,19,0,0,10,0,0,4,,,,,,,,,,,,,,,,,,,,,,,,,,,,,,,,,,,,,,,,,,,,,,,,,,,,,,,,,,,,,,,,,,,,,,,,,,,,,,,,,,,,
211,BEL,Belgium,2,1,0,0,7,0,0,7,0,0,18,0,0,14,0,0,25,33,0,0,0,0,30,0,0,41,0,0,46,0,0,42,0,0,26,0,0,14,0,0,18,0,0,16,0,0,19,0,0,33,0,0,19,0,0,15,0,0,13,0,0,8,0,0,0,0,0,0,0,0,0,0,0,0,0,0,0,0,0,0,0,0,33,0,0,28,0,0,1,,,,0,0,2,0,0,2,0,0,2,,,,0,0,29,,,,0,0,29,0,0,29,0,0,47,0,0,47,0,0,47,0,0,47,0,0,0,0,0,0,0,0,0
346,BOS,Bosnia,2,2,21,125,7,30,125,7,30,180,10,28,183,11,30,309,23,23,327,142,160,368,34,210,439,33,250,518,38,300,830,60,424,836,40,557,800,40,1006,1000,0,906,1300,0,863,1300,0,0,1300,70,0,740,70,,,,,,,,,,,,,,,,,,,,,,,,,,,,,,,,,,,,,,,,,,,,,,,,,,,,,,,,,,,,,,,,,,,,,,,,,,,,,,,,,,,,
335,BUL,Bulgaria,2,2,0,0,0,0,0,0,0,0,5,0,0,5,0,0,5,1,0,0,0,0,1,0,0,3,0,0,3,0,0,3,0,0,3,0,0,2,0,0,1,0,0,0,0,0,1,0,0,0,0,0,0,0,0,0,0,0,0,0,0,0,0,0,0,0,0,0,0,0,0,0,0,0,0,0,0,0,0,0,0,0,0,0,0,0,60,0,0,,,,999,0,0,999,0,0,999,0,0,,,,999,0,0,,,,999,0,0,999,0,0,999,0,0,999,0,0,999,0,0,999,0,0,999,0,0,999,0,0,999,0,0
344,CRO,Croatia,2,2,53,2,3,76,3,3,57,6,3,60,0,3,70,0,4,4,13,209,251,17,8,272,23,22,315,34,22,340,50,24,309,61,27,335,110,50,300,185,167,200,240,190,137,290,188,0,350,280,0,340,420,,,,,,,,,,,,,,,,,,,,,,,,,,,,,,,,,,,,,,,,,,,,,,,,,,,,,,,,,,,,,,,,,,,,,,,,,,,,,,,,,,,,
352,CYP,Cyprus,2,5,0,200,10,0,210,10,0,210,13,0,150,14,0,0,11,5,265,0,0,265,2,0,265,1,0,265,0,0,265,0,0,265,0,0,265,0,0,265,0,0,265,0,0,265,0,0,265,0,0,265,0,0,268,0,0,268,10,0,265,1,0,265,0,0,240,0,0,240,0,0,0,0,0,0,0,0,0,0,0,200,0,0,200,0,10,193,0,,,,2,200,0,0,200,3,0,200,3,,,,0,200,0,,,,0,0,0,0,0,0,0,0,0,0,0,0,0,0,0,0,0,0,0,0,0,0,0,0,0,0,0
316,CZR,Czech Republic,2,2,0,0,3,0,0,3,0,0,5,0,0,0,0,0,3,4,0,0,0,0,6,0,0,11,0,0,5,0,0,2,0,0,2,0,0,1,0,0,3,0,0,2,0,0,5,0,0,6,,,,,,,,,,,,,,,,,,,,,,,,,,,,,,,,,,,,,,,,,,,,,,,,,,,,,,,,,,,,,,,,,,,,,,,,,,,,,,,,,,,,,,,
390,DEN,Denmark,2,1,0,0,3,0,0,0,0,0,3,0,0,2,0,0,2,3,0,0,0,0,5,0,0,12,0,0,10,0,0,8,0,0,6,0,0,13,0,0,25,0,0,10,0,0,25,0,0,23,0,0,14,0,0,5,0,0,6,0,0,5,0,0,0,0,0,15,0,0,0,0,0,0,0,0,0,0,0,0,0,0,2,0,0,0,0,0,0,,,,0,0,0,0,0,0,0,0,0,,,,0,0,2,,,,0,0,5,0,0,0,0,0,0,0,0,0,0,0,0,0,0,0,0,0,0,0,0,0,0,0,0
366,EST,Estonia,2,2,0,0,0,0,0,0,0,0,0,0,0,0,0,0,0,0,0,0,0,0,0,0,0,0,0,0,0,0,0,0,0,0,0,0,0,0,0,0,0,0,0,0,0,0,0,0,0,0,0,0,0,,,,,,,,,,,,,,,,,,,,,,,,,,,,,,,,,,,,,,,,,,,,,,,,,,,,,,,,,,,,,,,,,,,,,,,,,,,,,,,,,,,,
375,FIN,Finland,2,1,0,0,4,0,0,2,0,0,0,0,0,2,0,0,0,2,0,0,0,0,1,0,0,2,0,0,3,0,0,4,0,0,2,0,0,2,0,0,2,0,0,1,0,0,1,0,0,4,0,0,4,0,0,2,0,0,3,0,0,0,0,0,0,0,0,0,0,0,0,0,0,0,0,0,0,0,0,0,0,0,0,0,0,0,0,0,0,,,,0,0,0,0,0,0,0,0,0,,,,0,0,0,,,,0,0,0,0,0,0,0,0,0,0,0,0,0,0,0,0,0,0,0,0,0,0,0,0,0,0,0
220,FRN,France,2,5,0,0,22,0,0,17,0,0,46,0,0,26,0,0,23,35,0,0,0,0,28,0,0,12,0,0,26,0,0,30,0,0,17,0,0,16,0,0,29,0,0,30,0,0,33,0,0,31,0,0,29,0,0,47,0,0,56,0,0,82,0,0,54,0,0,26,0,0,28,0,0,0,0,0,0,0,0,0,0,0,150,0,0,78,0,0,60,,,,0,0,126,0,0,128,0,0,105,,,,0,0,161,,,,0,0,160,0,0,160,0,0,160,0,0,310,0,0,215,0,0,292,0,0,133,0,0,62,0,0,23
372,GRG,Georgia,2,2,44,266,0,45,300,0,50,231,0,20,240,3,20,260,3,4,260,25,26,262,4,21,264,8,26,272,8,41,280,5,23,280,0,11,275,0,105,285,0,105,280,0,107,260,0,143,250,0,130,15,0,,,,,,,,,,,,,,,,,,,,,,,,,,,,,,,,,,,,,,,,,,,,,,,,,,,,,,,,,,,,,,,,,,,,,,,,,,,,,,,,,,,,
255,GMY,Germany,2,1,0,0,54,0,0,29,0,0,22,0,0,64,0,0,83,91,0,0,0,0,104,0,0,116,0,0,180,0,0,285,0,0,198,0,0,277,0,0,436,0,0,443,0,0,430,0,0,529,0,0,536,,,,,,,,,,,,,,,,,,,,,,,,,,,,,,,,,,,,,,,,,,,,,,,,,,,,,,,,,,,,,,,,,,,,,,,,,,,,,,,,,,,,
350,GRC,Greece,2,1,0,0,34,0,0,20,0,0,6,0,0,11,0,0,10,5,0,0,0,0,2,0,0,6,0,0,1,0,0,8,0,0,3,0,0,2,0,0,6,0,0,1,0,0,1,0,0,1,0,0,2,0,0,13,0,0,6,0,0,0,0,0,5,0,0,3,0,0,4,0,0,4,0,0,4,0,0,3,0,0,4,0,0,4,0,0,3,,,,0,0,2,0,0,7,0,0,7,,,,0,0,3,,,,0,0,2,0,0,4,0,0,8,0,0,8,0,0,12,0,0,12,0,0,5,0,0,5,0,0,4
310,HUN,Hungary,2,2,0,0,0,0,0,0,0,0,0,0,0,9,0,0,8,2,0,0,0,0,1,0,0,3,0,0,4,0,0,6,0,0,3,0,0,3,0,0,5,0,0,9,0,0,11,0,0,10,0,0,40,0,0,50,0,0,18,0,0,0,0,0,0,0,0,0,0,0,0,0,0,0,0,0,0,0,0,0,0,0,0,0,0,0,26,0,0,,,,999,0,0,999,0,0,999,0,0,,,,999,0,0,,,,999,0,0,999,0,0,999,0,0,999,0,0,999,0,0,999,0,0,999,0,0,999,0,0,999,0,0
205,IRE,Ireland,2,1,0,0,0,0,0,0,0,0,4,0,0,2,0,0,11,6,0,0,0,0,7,0,0,10,0,0,8,0,0,8,0,0,7,0,0,4,0,0,2,0,0,0,0,0,0,0,0,0,0,0,0,0,0,0,0,0,0,0,0,0,0,0,0,0,0,0,0,0,0,0,0,0,0,0,0,0,0,0,0,0,0,0,0,0,0,0,0,,,,0,0,0,0,0,0,0,0,0,,,,0,0,0,,,,0,0,0,0,0,0,0,0,0,0,0,0,0,0,0,0,0,0,0,0,0,0,0,0,0,0,0
325,ITA,Italy,2,1,0,0,19,0,0,5,0,0,5,0,0,6,0,0,6,6,0,0,0,0,5,0,0,10,0,0,14,0,0,25,0,0,7,0,0,20,0,0,11,0,0,61,0,0,32,0,0,34,0,0,19,0,0,31,0,0,5,0,0,0,0,0,13,0,0,13,0,0,15,0,0,15,0,0,10,0,0,6,0,0,14,0,0,14,0,0,100,,,,0,0,0,0,0,0,0,0,0,,,,0,0,13,,,,0,0,13,0,0,15,0,0,17,0,0,17,0,0,16,0,0,15,0,0,1,0,0,1,0,0,0
367,LAT,Latvia,2,2,0,0,0,0,0,0,0,0,0,0,0,0,0,0,0,0,0,0,0,0,0,0,0,0,0,0,0,0,0,0,0,0,0,0,0,0,0,0,0,0,0,0,0,0,0,0,0,0,0,0,0,,,,,,,,,,,,,,,,,,,,,,,,,,,,,,,,,,,,,,,,,,,,,,,,,,,,,,,,,,,,,,,,,,,,,,,,,,,,,,,,,,,,
368,LIT,Lithuania,2,2,0,0,0,0,0,0,0,0,0,0,0,0,0,0,0,0,0,0,0,0,0,0,0,0,0,0,0,0,0,0,0,0,0,0,0,0,0,0,0,0,0,0,0,0,0,0,0,0,0,0,0,,,,,,,,,,,,,,,,,,,,,,,,,,,,,,,,,,,,,,,,,,,,,,,,,,,,,,,,,,,,,,,,,,,,,,,,,,,,,,,,,,,,
343,MAC,Macedonia,2,2,0,1,3,0,1,3,0,1,3,0,0,2,0,0,2,2,0,0,3,9,3,23,21,4,0,0,9,0,0,17,0,0,7,0,0,4,0,0,5,0,0,7,0,0,8,0,0,12,0,0,33,,,,,,,,,,,,,,,,,,,,,,,,,,,,,,,,,,,,,,,,,,,,,,,,,,,,,,,,,,,,,,,,,,,,,,,,,,,,,,,,,,,,
359,MLD,Moldova,2,2,0,0,0,0,0,0,0,0,0,0,0,0,0,0,0,0,0,0,0,0,0,0,0,0,0,0,0,0,0,0,0,0,0,0,0,0,0,0,0,0,0,0,0,0,0,0,0,0,80,20,0,,,,,,,,,,,,,,,,,,,,,,,,,,,,,,,,,,,,,,,,,,,,,,,,,,,,,,,,,,,,,,,,,,,,,,,,,,,,,,,,,,,,
348,MNT,Montenegro,2,2,0,0,0,0,0,0,0,0,0,,,,,,,,,,,,,,,,,,,,,,,,,,,,,,,,,,,,,,,,,,,,,,,,,,,,,,,,,,,,,,,,,,,,,,,,,,,,,,,,,,,,,,,,,,,,,,,,,,,,,,,,,,,,,,,,,,,,,,,,,,,,,,
210,NTH,Netherlands,2,1,0,0,12,0,0,14,0,0,9,0,0,14,0,0,13,15,0,0,0,0,17,0,0,31,0,0,30,0,0,40,0,0,47,0,0,64,0,0,46,0,0,39,0,0,53,0,0,35,0,0,25,0,0,22,0,0,21,0,0,14,0,0,14,0,0,0,0,0,0,0,0,0,0,0,0,0,0,0,0,0,12,0,0,5,0,0,0,,,,0,0,1,0,0,0,0,0,0,,,,0,0,9,,,,0,0,9,0,0,9,0,0,8,0,0,8,0,0,10,0,0,9,0,0,0,0,0,0,0,0,0
385,NOR,Norway,2,1,0,0,13,0,0,8,0,0,6,0,0,4,0,0,9,11,0,0,0,0,6,0,0,13,0,0,9,0,0,10,0,0,2,0,0,3,0,0,13,0,0,11,0,0,12,0,0,14,0,0,6,0,0,5,0,0,4,0,0,4,0,0,0,0,0,0,0,0,0,0,0,0,0,0,0,0,0,0,0,0,6,0,0,3,0,0,0,,,,0,0,0,0,0,0,0,0,0,,,,0,0,3,,,,0,0,6,0,0,6,0,0,6,0,0,0,0,0,0,0,0,0,0,0,0,0,0,0,0,0,0
290,POL,Poland,2,2,0,0,6,0,0,2,0,0,0,0,0,6,0,0,9,2,0,0,0,0,0,0,0,2,0,0,2,0,0,1,0,0,1,0,0,1,0,0,3,0,0,1,0,0,0,0,0,1,0,0,2,0,0,2,0,0,0,0,0,0,0,0,0,0,0,0,0,0,0,0,0,0,100,0,0,15,0,0,0,0,0,0,0,0,41,0,0,,,,999,0,0,999,0,0,999,0,0,,,,999,0,0,,,,999,0,0,999,0,0,999,0,0,999,0,0,999,0,0,999,0,0,999,0,0,999,0,0,999,0,0
235,POR,Portugal,2,1,0,0,0,0,0,0,0,0,0,0,0,0,0,0,0,0,0,0,0,0,0,0,0,0,0,0,2,0,0,2,0,0,1,0,0,0,0,0,0,0,0,0,0,0,1,0,0,2,0,0,0,0,0,0,0,0,0,0,0,0,0,0,0,0,0,0,0,0,0,0,0,0,0,0,0,0,0,0,0,0,8,0,0,8,0,0,0,,,,0,0,750,0,0,500,0,0,500,,,,0,0,0,,,,0,0,0,0,0,0,0,0,0,0,0,0,0,0,0,0,0,0,0,0,0,0,0,0,0,0,0
360,RUM,Romania,2,2,0,0,0,0,0,0,0,0,0,0,0,2,0,0,2,0,0,0,0,0,0,0,0,0,0,0,2,0,0,1,0,0,1,0,0,2,0,0,1,0,0,1,0,0,1,0,0,1,0,0,0,0,0,0,0,0,0,0,0,0,0,0,0,0,0,0,0,0,0,0,0,0,0,0,0,0,0,0,0,0,0,0,0,0,14,0,0,,,,999,0,0,999,0,0,999,0,0,,,,999,0,0,,,,999,0,0,999,0,0,999,0,0,999,0,0,999,0,0,999,0,0,999,0,0,999,0,0,999,0,0
365,RUS,Russia,2,2,19,88,107,19,77,160,26,190,187,26,265,149,39,339,150,161,368,49,59,371,17,18,474,28,38,491,36,23,800,104,0,350,162,6,375,324,6,400,484,10,250,500,0,450,451,0,0,348,0,0,460,0,900,0,0,750,0,0,500,0,0,156,0,0,0,0,0,0,0,0,0,0,0,0,0,0,0,0,0,0,0,15,0,0,65,0,0,,,,55,0,0,99,0,0,111,0,0,,,,8,0,60,,,,8,0,60,8,0,60,9,0,0,18,0,70,1,0,70,1,0,70,1,0,70,2,0,70,2,0,50
317,SLO,Slovak Republic,2,2,0,0,0,0,0,0,0,0,6,0,0,3,0,0,3,5,0,0,0,0,5,0,0,3,0,0,0,0,0,0,0,0,0,0,0,0,0,0,2,0,0,2,0,0,2,0,0,2,,,,,,,,,,,,,,,,,,,,,,,,,,,,,,,,,,,,,,,,,,,,,,,,,,,,,,,,,,,,,,,,,,,,,,,,,,,,,,,,,,,,,,,
349,SLV,Slovenia,2,2,0,0,0,0,0,0,0,0,0,0,0,0,0,0,0,0,0,0,0,0,0,0,0,3,4,0,12,0,0,5,0,0,7,0,0,5,0,0,10,0,0,24,0,0,29,0,0,38,0,0,69,,,,,,,,,,,,,,,,,,,,,,,,,,,,,,,,,,,,,,,,,,,,,,,,,,,,,,,,,,,,,,,,,,,,,,,,,,,,,,,,,,,,
230,SPN,Spain,2,1,0,0,6,0,0,6,0,0,6,0,0,0,0,0,0,0,0,0,0,0,0,0,0,1,0,0,1,0,0,4,0,0,2,0,0,3,0,0,7,0,0,4,0,0,14,0,0,14,0,0,13,0,0,8,0,0,7,0,0,0,0,0,9,0,0,10,0,0,10,0,0,0,0,0,0,0,0,0,0,0,40,0,0,20,0,0,102,,,,0,0,13,0,0,14,0,0,14,,,,0,0,46,,,,0,0,40,0,0,48,0,0,15,0,0,24,0,0,21,0,0,17,0,0,15,0,0,14,0,0,12
380,SWD,Sweden,2,1,0,0,23,0,0,36,0,0,24,0,0,19,0,0,19,26,0,0,0,0,25,0,0,18,0,0,18,0,0,20,0,0,17,0,0,8,0,0,60,0,0,12,0,0,61,0,0,59,0,0,88,0,0,27,0,0,29,0,0,32,0,0,19,0,0,22,0,0,8,0,0,0,0,0,0,0,0,0,0,0,20,0,0,13,0,0,0,,,,0,0,4,0,0,2,0,0,0,,,,0,0,20,,,,0,0,18,0,0,18,0,0,18,0,0,17,0,0,20,0,0,20,0,0,0,0,0,0,0,0,0
225,SWZ,Switzerland,2,1,0,0,14,0,0,21,0,0,8,0,0,11,0,0,31,38,0,0,0,0,44,0,0,58,0,0,63,0,0,104,0,0,40,0,0,34,0,0,42,0,0,29,0,0,24,0,0,27,0,0,82,0,0,42,0,0,37,0,0,24,0,0,17,0,0,8,0,0,12,0,0,0,0,0,0,0,0,0,0,0,37,0,0,24,0,0,3,,,,0,0,1,0,0,1,0,0,1,,,,0,0,35,,,,0,0,35,0,0,37,0,0,32,0,0,30,0,0,21,0,0,21,0,0,0,0,0,0,0,0,0
640,TUR,Turkey,2,5,16,1077,18,16,1077,18,24,1077,9,21,678,7,27,675,8,10,675,40,44,690,10,43,700,13,36,700,10,31,750,9,22,700,12,11,1250,5,15,1250,13,15,2000,21,13,2000,31,0,0,25,0,30,32,0,30,132,0,30,178,0,0,261,0,0,301,0,0,800,0,0,402,0,0,0,0,0,1,0,0,0,0,0,0,0,0,0,0,0,60,,,,0,0,0,0,0,0,0,0,0,,,,1,0,1,,,,0,0,1,0,0,1,0,0,0,0,0,2,0,0,2,0,0,2,0,0,4,0,0,2,0,0,2
200,UKG,United Kingdom,2,1,0,0,27,0,0,27,0,0,21,0,0,15,0,0,22,56,0,0,0,0,79,0,0,70,0,0,88,0,0,112,0,0,74,0,0,58,0,0,40,0,0,44,0,0,32,0,0,28,0,0,25,0,0,45,0,0,25,0,0,10,0,0,8,0,0,4,0,0,0,0,0,0,0,0,0,0,0,0,0,0,148,0,0,63,0,0,74,,,,0,0,4,0,0,40,0,0,40,,,,0,0,0,,,,0,0,160,0,0,168,0,0,161,0,0,161,0,0,167,0,0,167,0,0,0,0,0,0,0,0,0
369,UKR,Ukraine,2,2,0,0,0,3,0,0,3,0,4,4,0,4,4,0,6,3,0,11,13,0,4,10,0,6,0,0,6,0,0,6,0,0,9,0,0,5,0,0,8,0,0,6,0,0,5,0,0,0,0,0,40,,,,,,,,,,,,,,,,,,,,,,,,,,,,,,,,,,,,,,,,,,,,,,,,,,,,,,,,,,,,,,,,,,,,,,,,,,,,,,,,,,,,
345,YUG,Yugoslavia,2,2,,,,,,,,,,18,260,79,19,238,77,291,252,70,74,262,353,60,277,400,190,480,484,390,600,476,145,257,480,4,0,550,0,0,550,0,0,450,0,0,300,0,0,357,0,0,621,173,557,2,0,0,2,0,0,8,0,0,1,0,0,1,0,0,2,0,0,2,0,0,2,0,0,3,0,0,2,0,0,2,0,0,0,,,,999,0,0,999,0,0,999,0,0,,,,999,0,26,,,,999,0,24,999,0,24,999,0,26,999,0,26,999,0,26,999,0,26,999,0,0,999,0,0,999,0,0
342,SER,Serbia,2,2,25,247,67,15,248,98,19,228,78,,,,,,,,,,,,,,,,,,,,,,,,,,,,,,,,,,,,,,,,,,,,,,,,,,,,,,,,,,,,,,,,,,,,,,,,,,,,,,,,,,,,,,,,,,,,,,,,,,,,,,,,,,,,,,,,,,,,,,,,,,,,,,
160,ARG,Argentina,3,7,0,0,0,0,0,0,0,0,4,0,0,4,0,0,4,2,0,0,0,0,3,0,0,3,0,0,1,0,0,3,0,0,1,0,0,11,0,0,0,0,0,0,0,0,0,0,0,0,0,0,0,0,0,2,0,0,2,0,0,2,0,0,5,0,0,7,0,0,12,10,0,12,28,0,12,0,0,12,0,0,26,0,0,26,235,0,25,,,,0,0,10,0,0,10,0,0,10,,,,0,0,10,,,,0,0,0,0,0,17,0,0,17,0,0,1000,0,0,1000,0,0,1000,0,0,1000,0,0,0,0,0,0
145,BOL,Bolivia,3,7,0,0,0,0,0,0,0,0,0,0,0,0,0,0,0,1,0,0,0,0,0,0,0,0,0,0,0,0,0,0,0,0,0,0,0,0,0,0,1,0,0,1,0,0,1,0,0,1,0,0,0,0,0,0,0,0,0,0,0,0,0,0,0,0,0,0,0,0,0,2,0,0,2,0,0,0,0,0,0,0,0,0,0,0,0,0,0,,,,0,0,0,0,0,0,0,0,0,,,,0,0,0,,,,0,0,0,0,0,0,0,0,0,999,0,0,999,0,0,999,0,0,999,0,0,0,0,0,0,0,0
140,BRA,Brazil,3,7,0,0,21,0,0,21,0,0,4,0,0,4,0,0,4,4,0,0,0,0,4,0,0,4,0,0,3,0,0,2,0,0,2,0,0,2,0,0,2,0,0,2,0,0,2,0,0,1,0,0,0,0,0,0,0,0,0,0,0,0,0,0,0,0,0,0,0,0,0,0,0,5,0,0,5,0,0,5,0,0,24,0,0,25,0,0,30,,,,0,0,0,0,0,0,0,0,0,,,,0,0,0,,,,0,0,0,0,0,0,0,0,0,0,0,0,0,0,0,0,0,0,0,0,0,0,0,0,0,0,0
20,CAN,Canada,3,8,0,0,72,0,0,55,0,0,44,0,0,40,0,0,55,70,0,0,0,0,78,0,0,70,0,0,54,0,0,53,0,0,46,0,0,49,0,0,26,0,0,25,0,0,22,0,0,20,0,0,38,0,0,30,0,0,37,0,0,52,0,0,130,0,0,0,0,0,0,0,0,0,0,0,0,0,0,0,0,0,338,0,0,0,0,0,45,,,,0,0,24,0,0,13,0,0,12,,,,0,0,17,,,,0,0,17,0,0,17,0,0,15,0,0,10,0,0,10,0,0,0,0,0,0,0,0,0,0,0,0
155,CHL,Chile,3,7,0,0,0,0,0,0,0,0,0,0,0,0,0,0,0,1,0,0,0,0,0,0,0,1,0,0,0,0,0,0,0,0,0,0,0,0,0,0,0,0,0,0,0,0,0,0,0,0,0,0,0,0,0,0,0,0,0,0,0,0,0,20,0,0,20,0,0,20,0,30,0,2,30,0,3,1,0,2,0,0,2,0,0,2,76,0,0,,,,47,0,0,15,0,0,28,0,0,,,,13,0,0,,,,2,0,0,17,0,0,17,0,0,999,0,0,999,0,0,999,0,0,999,0,0,0,0,0,0,0,0
100,COL,Colombia,3,7,397,3505,0,579,3505,0,453,2843,0,258,2900,0,264,2900,0,0,2730,234,59,2500,0,25,2450,0,10,2100,0,0,1800,0,0,1400,0,0,1000,0,0,600,0,0,600,0,0,600,0,0,450,0,0,300,0,4,150,0,0,50,0,0,0,0,0,0,0,0,0,0,0,0,0,0,0,0,0,0,0,0,0,0,0,0,2,0,0,2,0,0,0,,,,0,0,0,0,0,0,0,0,0,,,,0,0,0,,,,0,0,0,0,0,0,0,0,0,0,0,0,0,0,0,0,0,0,0,0,0,0,0,0,0,0,0
94,COS,Costa Rica,3,7,0,0,19,0,0,12,0,0,12,0,0,12,0,0,11,14,0,0,0,0,13,0,0,11,0,0,7,0,0,23,0,0,23,0,0,23,0,0,23,0,0,20,0,0,25,0,0,25,0,0,34,0,0,104,0,0,187,0,0,198,0,0,214,0,0,32,0,0,31,0,0,19,0,0,17,0,0,15,0,0,13,0,0,13,0,0,25,,,,0,0,0,0,0,0,0,0,0,,,,0,0,2,,,,0,0,2,0,0,2,0,0,2,0,0,0,0,0,0,0,0,0,0,0,0,0,0,0,0,0,0
40,CUB,Cuba,3,8,25,0,0,12,0,0,11,0,0,15,0,0,25,0,0,1,0,28,34,0,1,1,0,1,1,0,1,1,0,1,0,0,1,0,0,2,1,0,2,4,0,2,31,0,0,1,0,0,2,0,1,0,0,0,0,0,0,0,0,0,0,0,0,0,0,0,0,0,0,0,0,2,0,0,2,0,0,0,0,0,3,0,0,3,687,0,0,,,,549,0,0,670,0,0,670,0,0,,,,346,0,0,,,,253,0,0,260,0,0,482,0,0,580,0,0,513,0,0,432,0,0,147,0,0,129,0,0,134,0,0
42,DOM,Dominican Republic,3,8,0,0,0,0,0,0,0,0,0,0,0,0,0,0,0,1,0,0,0,0,0,0,0,1,0,0,1,0,0,1,0,0,1,0,0,1,0,0,1,0,0,1,0,0,1,0,0,1,0,0,0,0,0,0,0,0,0,0,0,652,0,0,381,0,0,6,0,0,6,0,0,6,0,0,5,0,0,5,0,0,4,0,0,3,0,0,30,,,,0,0,0,0,0,0,0,0,0,,,,0,0,300,,,,0,0,300,0,0,300,0,0,300,0,0,5,0,0,5,0,0,5,0,0,5,0,0,5,0,0,5
130,ECU,Ecuador,3,7,0,0,135,0,0,273,0,0,208,0,0,47,0,0,45,17,0,0,0,0,9,0,0,4,0,0,2,0,0,0,0,0,0,0,0,0,0,0,0,0,0,0,0,0,0,0,0,0,0,0,0,0,0,4,0,0,4,0,0,0,0,0,0,0,0,0,0,0,0,0,0,0,0,0,0,0,0,0,0,0,0,0,0,0,0,0,0,,,,0,0,0,0,0,0,0,0,0,,,,0,0,0,,,,0,0,0,0,0,0,0,0,0,0,0,0,0,0,0,0,0,0,0,0,0,0,0,0,0,0,0
92,SAL,El Salvador,3,7,0,0,0,0,0,0,0,0,0,0,0,0,5,0,0,0,0,5,203,0,0,217,0,0,230,0,0,253,0,0,250,0,0,4,0,0,12,0,0,12,0,0,16,0,0,22,0,0,23,154,0,24,300,20,237,400,20,61,222,0,152,325,0,159,450,0,180,500,0,252,518,0,244,550,0,241,225,0,250,183,0,89,50,0,0,0,1,,,,0,0,0,0,0,0,0,0,0,,,,0,0,40,,,,0,0,40,0,0,40,0,0,40,0,0,0,0,0,0,0,0,0,0,0,0,0,0,0,0,0,0
90,GUA,Guatemala,3,7,0,0,0,3,0,0,3,242,0,5,0,0,13,0,0,1,0,12,129,0,1,129,0,1,100,0,1,146,0,1,151,0,1,30,250,1,35,200,1,34,200,2,45,200,5,49,200,5,46,150,5,47,150,258,183,100,267,59,300,125,43,325,2,48,300,0,52,300,12,48,250,70,40,268,70,20,140,70,999,0,75,0,0,0,0,0,0,,,,0,0,0,0,0,0,0,0,0,,,,0,0,0,,,,0,0,0,0,0,0,0,0,0,0,0,0,0,0,0,0,0,0,0,0,0,0,0,0,0,0,0
110,GUY,Guyana,3,7,0,0,0,0,0,0,0,0,0,0,0,0,0,0,0,0,0,0,0,0,0,0,0,0,0,0,0,0,0,0,0,0,0,0,0,0,0,0,0,0,0,0,0,0,0,0,0,0,0,0,0,0,0,0,0,0,0,0,0,0,0,0,0,0,0,0,0,0,0,0,0,0,0,0,0,0,0,0,0,0,0,0,0,0,0,0,0,,,,0,0,0,0,0,0,0,0,0,,,,0,0,0,,,,0,0,0,0,0,0,0,0,0,0,0,0,0,0,0,0,0,0,0,0,0,,,,,,
41,HAI,Haiti,3,8,15,0,0,17,0,0,15,0,0,16,0,0,20,0,0,0,0,26,33,6,0,25,0,0,23,0,0,23,0,0,0,0,0,1,0,0,0,0,0,1,0,0,6,0,0,2,300,0,2,0,0,7,200,0,0,0,0,1212,0,0,952,0,0,0,0,0,0,0,0,6,0,0,5,0,0,5,0,0,999,0,0,0,0,0,41,0,0,,,,3,0,0,2,0,0,0,0,0,,,,370,0,0,,,,370,0,0,371,0,0,372,0,0,31,0,0,31,0,0,30,0,0,16,0,0,16,0,0,10,0,0
91,HON,Honduras,3,7,0,0,0,0,0,0,0,0,0,0,0,0,0,0,0,0,0,0,0,0,0,0,0,0,0,0,0,0,0,0,0,0,0,0,0,0,0,0,0,0,0,0,0,0,0,0,0,0,0,0,0,0,7,52,12,22,247,0,22,170,0,12,164,0,12,52,0,12,62,0,0,62,0,0,38,0,0,33,0,0,25,0,0,33,0,0,13,,,,0,0,0,0,0,0,0,0,0,,,,40,0,0,,,,40,0,0,40,0,0,40,0,0,0,0,0,0,0,0,0,0,0,0,0,0,0,0,0,0,0,0
51,JAM,Jamaica,3,8,0,0,0,0,0,0,0,0,0,0,0,0,0,0,0,0,0,0,0,0,0,0,0,0,0,0,0,0,0,0,0,0,0,0,0,0,0,0,0,0,0,0,0,0,0,0,0,0,0,0,0,0,0,0,0,0,0,0,0,0,0,0,0,0,0,0,0,0,0,0,0,0,0,0,0,0,0,0,0,0,0,0,0,0,0,0,0,,,,0,0,0,0,0,0,0,0,0,,,,0,0,0,,,,0,0,0,0,0,0,0,0,0,0,0,0,0,0,0,0,0,0,0,0,0,0,0,0,0,0,0
70,MEX,Mexico,3,8,11,6,4,9,6,4,6,11,4,4,0,3,4,0,5,3,12,21,0,12,4,0,15,6,0,16,6,0,16,8,0,15,8,0,14,30,0,0,34,0,0,38,0,0,50,0,0,52,0,0,47,0,0,388,0,0,413,0,0,431,0,0,163,0,0,165,0,0,175,0,0,175,0,0,170,0,0,140,0,0,105,0,0,46,0,0,5,,,,0,0,0,0,0,0,0,0,0,,,,0,0,0,,,,0,0,0,0,0,5,0,0,5,0,0,0,0,0,0,0,0,0,0,0,0,0,0,0,0,0,0
93,NIC,Nicaragua,3,7,0,0,0,2,0,0,0,0,0,4,0,0,8,0,0,0,0,3,13,0,0,3,0,0,16,0,0,18,0,0,19,0,0,19,0,1,18,0,1,16,0,0,23,0,0,23,0,5,31,0,6,25,354,19,64,354,16,90,390,7,55,275,8,55,250,8,50,250,3,43,145,18,23,100,19,12,500,22,999,0,20,0,0,7,40,0,0,,,,0,0,0,0,0,0,0,0,0,,,,0,0,0,,,,0,0,0,0,0,0,0,0,0,0,0,0,0,0,0,0,0,0,0,0,0,0,0,0,0,0,0
95,PAN,Panama,3,7,0,0,17,0,0,12,0,0,11,0,0,0,0,0,0,2,0,0,0,0,2,0,0,2,0,0,1,0,0,1,0,0,1,0,0,0,0,0,1,0,0,1,0,0,1,0,0,1,0,0,1,0,10,1,0,0,1,0,0,1,0,0,1,0,0,1,0,0,1,0,0,5,0,0,2,0,0,2,0,0,1,0,0,2,0,0,1,,,,0,0,0,0,0,0,0,0,0,,,,0,0,0,,,,0,0,0,0,0,0,0,0,0,0,0,0,0,0,0,0,0,0,0,0,0,0,0,0,0,0,0
150,PAR,Paraguay,3,7,0,0,0,0,0,0,0,0,0,0,0,0,0,0,0,0,0,0,0,0,0,0,0,0,0,0,0,0,0,0,0,0,0,0,0,0,0,0,0,0,0,0,0,0,0,0,0,0,0,0,0,0,0,0,0,0,0,0,0,0,0,0,0,0,0,0,0,0,0,0,0,0,0,0,0,0,0,0,0,0,0,0,0,1,0,0,0,,,,0,0,0,0,0,0,0,0,0,,,,0,0,0,,,,0,0,0,0,0,0,0,0,0,999,0,0,999,0,0,999,0,0,999,0,0,0,0,0,0,0,0
135,PER,Peru,3,7,0,150,0,0,150,0,0,0,0,0,0,0,0,0,0,1,0,0,1,0,1,0,0,1,1,60,1,0,70,1,0,340,0,0,360,0,0,420,0,0,480,1,0,600,1,0,600,0,0,500,0,0,200,0,0,200,0,0,80,0,0,35,0,0,350,0,0,350,0,0,0,0,0,0,0,0,0,0,0,0,2,0,0,0,0,0,0,,,,0,0,0,0,0,0,0,0,0,,,,0,0,0,,,,0,0,0,0,0,0,0,0,0,0,0,0,0,0,0,0,0,0,0,0,0,0,0,0,0,0,0
52,TRI,Trinidad & Tobago,3,8,0,0,0,0,0,0,0,0,0,0,0,0,0,0,0,0,0,0,0,0,0,0,0,0,0,0,0,0,0,0,0,0,0,0,0,0,0,0,0,0,0,0,0,0,0,0,0,0,0,0,0,0,0,0,0,0,0,0,0,0,0,0,0,0,0,0,0,0,0,0,0,0,0,0,0,0,0,0,0,0,0,0,0,0,0,0,0,,,,0,0,0,0,0,0,0,0,0,,,,0,0,0,,,,0,0,0,0,0,0,0,0,0,0,0,0,0,0,0,0,0,0,0,0,0,0,0,0,0,0,0
165,URU,Uruguay,3,7,0,0,0,0,0,0,0,0,0,0,0,0,0,0,0,0,0,0,0,0,0,0,0,0,0,0,0,0,0,0,0,0,0,0,0,0,0,0,0,0,0,0,0,0,0,0,0,0,0,0,0,0,0,0,0,0,0,0,0,0,0,0,0,0,0,0,0,0,0,2,0,0,5,0,0,0,0,0,0,0,0,0,0,2,0,0,0,,,,0,0,0,0,0,0,0,0,0,,,,0,0,0,,,,0,0,0,0,0,0,0,0,0,0,0,0,0,0,0,0,0,0,0,0,0,0,0,0,0,0,0
2,USA,United States,3,8,0,0,161,0,0,151,0,0,147,0,0,177,0,0,233,244,0,0,0,0,638,0,0,492,0,0,482,0,0,638,0,0,651,0,0,491,0,0,130,0,0,152,0,0,182,0,0,150,0,0,104,0,0,269,0,0,824,0,0,1902,0,0,1662,0,0,627,0,0,750,0,0,0,0,0,0,0,0,0,0,0,849,0,0,0,0,0,979,,,,0,0,719,0,0,818,0,0,814,,,,0,0,909,,,,0,0,800,0,0,809,0,0,1057,0,0,1051,0,0,987,0,0,906,0,0,97,0,0,95,0,0,96
101,VEN,Venezuela,3,7,0,0,211,3,0,252,3,0,209,3,0,180,4,0,180,182,0,0,0,0,1,0,0,0,0,0,0,0,0,0,0,0,0,0,0,0,0,0,2,0,0,1,0,0,1,0,0,1,0,0,1,0,0,2,0,0,0,0,0,0,0,0,0,0,0,0,0,0,0,0,0,1,0,0,1,0,0,0,0,0,18,0,0,16,0,0,52,,,,0,0,0,0,0,0,0,0,0,,,,0,0,0,,,,0,0,0,0,0,0,0,0,0,0,0,0,0,0,0,0,0,0,0,0,0,0,0,0,0,0,0
900,AUL,Australia,4,4,0,0,10,0,0,13,0,0,15,0,0,15,0,0,15,23,0,0,0,0,25,0,0,22,0,0,17,0,0,17,0,0,15,0,0,18,0,0,7,0,0,8,0,0,5,0,0,3,0,0,24,0,0,23,0,0,0,0,0,0,0,0,0,0,0,0,0,0,0,0,0,0,0,0,0,0,0,0,0,0,304,0,0,0,0,0,31,,,,0,0,28,0,0,0,0,0,0,,,,0,0,38,,,,0,0,58,0,0,70,0,0,47,0,0,44,0,0,37,0,0,37,0,0,0,0,0,0,0,0,0
775,MYA,Myanmar (Burma),4,3,754,451,0,720,503,0,693,500,0,727,540,0,692,675,0,0,800,586,510,800,0,450,800,0,380,800,0,240,750,0,238,750,0,215,750,0,184,750,0,160,750,0,203,750,0,290,750,0,334,750,0,272,0,0,51,200,0,0,150,0,0,6,0,0,0,2,0,0,1,17,0,1,0,0,1,0,0,1,0,0,0,0,0,0,0,0,0,,,,0,0,0,0,0,0,0,0,0,,,,30,0,0,,,,30,0,0,30,0,0,30,0,0,30,0,0,30,0,0,30,0,0,85,0,0,65,0,0,0,0,0
811,CAM,Cambodia,4,3,10,0,0,10,0,0,22,0,0,15,0,0,15,0,0,0,0,16,17,0,0,16,0,1,16,0,0,15,0,0,51,22,0,77,30,0,34,32,0,26,55,0,30,113,0,36,95,0,149,199,0,393,180,0,344,140,0,334,0,0,354,0,0,314,0,0,308,0,0,284,0,0,75,230,0,118,230,0,999,234,0,310,0,0,999,4000,0,,,,102,2500,0,25,2500,0,0,2500,0,,,,35,3000,0,,,,200,2000,0,200,500,0,200,500,0,0,0,20,0,0,20,0,0,20,0,0,0,0,0,0,0,0,0
710,CHN,China,4,3,153,0,332,150,0,324,159,0,335,156,0,353,158,0,402,396,0,158,178,0,396,151,0,345,145,0,350,130,0,293,128,0,282,128,0,282,128,0,294,141,0,294,139,0,297,133,0,297,128,0,12,114,0,14,114,0,5,112,0,0,112,0,0,100,0,0,86,0,12,85,0,12,0,0,17,0,0,2,999,0,265,86,0,0,162,0,230,,,,245,0,0,228,0,0,281,0,0,,,,271,0,0,,,,2211,0,0,2201,0,0,2140,0,1,2319,0,10,2314,0,1,2230,0,1,2218,0,1,2155,0,2,1705,0,2
860,ETM,East Timor,4,3,0,30,0,0,30,0,0,100,0,0,0,0,0,0,0,0,0,0,29,,,80,,,120,,,120,350,,,,,,,,,,,,,,,,,,,,,,,,,,,,,,,,,,,,,,,,,,,,,,,,,,,,,,,,,,,,,,,,,,,,,,,,,,,,,,,,,,,,,,,,,,,,,,,,,,,,,,,,,,
950,FIJ,Fiji,4,3,0,0,0,0,0,0,0,0,0,0,0,0,0,0,0,0,0,0,0,0,0,0,0,0,0,0,0,0,0,0,0,0,0,0,0,0,0,0,0,0,0,0,0,0,0,0,0,0,0,0,0,0,0,0,0,0,0,0,0,0,0,0,0,0,0,0,0,0,0,0,0,0,0,0,0,0,0,0,0,0,0,0,0,0,0,0,0,,,,0,0,0,0,0,0,0,0,0,,,,0,0,0,,,,0,0,0,0,0,0,0,0,0,,,,,,,,,,,,,,,,,,
850,INS,Indonesia,4,3,30,95,0,35,200,0,39,200,0,44,471,0,24,500,0,0,800,24,12,800,29,5,1400,81,6,800,121,8,440,120,8,0,0,8,0,0,10,0,0,10,0,0,10,0,0,9,0,2,6,0,16,7,0,19,0,0,21,0,0,8,0,0,2,0,0,2,0,0,4,11,0,8,0,0,10,0,0,13,1,0,6,1,100,4,1,200,44,,,,3,0,0,0,0,0,0,0,0,,,,0,0,0,,,,0,0,0,0,0,0,0,0,0,6,40,60,6,80,60,0,0,0,0,0,0,0,0,0,0,0,0
740,JPN,Japan,4,3,0,0,3,0,0,3,0,0,3,0,0,3,0,0,6,8,0,0,0,0,7,0,0,6,0,0,4,0,0,0,0,0,0,0,0,0,0,0,0,0,0,10,0,0,7,0,0,1,0,0,1,0,0,0,0,0,0,0,0,2,0,0,0,0,0,0,0,0,0,0,0,0,0,0,2,0,0,2,0,0,2,0,0,2,0,0,0,,,,0,0,0,0,0,0,0,0,0,,,,0,0,0,,,,0,0,0,0,0,0,0,0,0,0,0,0,0,0,0,0,0,0,0,0,0,0,0,0,0,0,0
812,LAO,Laos,4,3,5,0,0,8,0,0,7,0,0,14,0,0,13,0,0,0,0,15,0,0,0,0,0,0,0,0,0,14,0,0,12,0,0,14,0,0,4,0,0,9,0,0,13,0,0,26,0,0,43,0,0,63,0,0,67,0,0,69,0,0,79,0,0,78,0,0,91,0,0,95,0,0,74,0,0,76,0,0,999,0,4,105,70,10,999,1000,0,,,,90,50,0,64,150,0,63,150,0,,,,0,600,0,,,,0,600,0,0,600,0,0,300,0,0,260,0,0,245,0,0,300,0,0,250,0,0,250,0,0,150,0
820,MAL,Malaysia,4,3,0,0,172,0,0,164,0,0,156,0,0,153,0,0,101,76,0,0,0,0,59,0,0,58,0,0,57,0,0,45,0,0,51,0,0,5,0,0,5,0,0,5,0,0,6,0,0,8,0,0,17,0,0,13,0,0,15,0,0,20,0,0,103,0,0,98,0,0,98,0,0,98,0,0,101,0,0,8,0,0,99,0,0,13,0,0,135,,,,0,0,6,0,0,1,0,0,1,,,,0,0,0,,,,0,0,0,0,0,0,0,0,0,0,0,0,0,0,0,0,0,0,0,0,0,0,0,0,0,0,0
712,MON,Mongolia,4,3,0,0,0,0,0,0,0,0,0,0,0,0,0,0,0,0,0,0,0,0,0,0,0,0,0,0,0,0,0,0,0,0,0,0,0,0,0,0,0,0,0,0,0,0,0,0,0,0,0,0,0,0,0,0,0,0,0,0,0,0,0,0,0,0,0,0,0,0,0,0,0,0,0,0,0,0,0,0,0,0,0,0,0,0,0,0,0,,,,0,0,0,0,0,0,0,0,0,,,,0,0,0,,,,0,0,0,0,0,0,0,0,0,0,0,0,0,0,0,0,0,0,0,0,0,0,0,0,0,0,0
920,NEW,New Zealand,4,4,0,0,0,0,0,0,0,0,0,0,0,0,0,0,21,1,0,0,0,0,2,0,0,3,0,0,3,0,0,0,0,0,0,0,0,0,0,0,0,0,0,0,0,0,0,0,0,0,0,0,0,0,0,0,0,0,0,0,0,0,0,0,0,0,0,0,0,0,0,0,0,0,0,0,0,0,0,0,0,0,10,0,0,0,0,0,0,,,,0,0,0,0,0,0,0,0,0,,,,0,0,3,,,,0,0,3,0,0,3,0,0,3,0,0,3,0,0,0,0,0,0,0,0,0,0,0,0,0,0,0
731,PRK,Korea North,4,3,11,0,0,11,0,0,30,0,0,51,0,0,102,0,0,0,150,102,100,100,0,50,100,0,50,100,0,0,0,0,0,0,0,0,0,0,0,0,0,0,0,0,0,0,0,0,0,0,0,0,0,0,0,0,0,0,0,0,0,0,0,0,0,0,0,0,0,0,0,0,0,0,0,0,0,0,0,0,0,0,0,0,0,0,0,0,0,,,,0,0,0,0,0,0,0,0,0,,,,0,0,0,,,,0,0,0,0,0,0,0,0,0,0,0,0,0,0,0,0,0,0,1000,0,0,1000,0,0,1000,0,0
910,PNG,Papua New Guinea,4,4,0,0,10,0,0,10,0,0,10,0,0,10,0,0,8,8,0,0,0,0,5,0,0,5,0,0,6,0,0,8,0,4,8,1,20,8,1,70,10,1,0,10,3,0,10,0,0,8,0,0,4,0,0,7,0,0,8,0,0,8,0,0,8,0,0,10,0,0,10,0,0,11,0,0,0,0,0,0,0,0,1,0,0,1,0,0,1,,,,0,0,0,0,0,0,0,0,0,,,,0,0,0,,,,0,0,0,0,0,0,0,0,0,0,0,6,0,0,6,0,0,0,0,0,0,0,0,0,0,0,0
840,PHI,Philippines,4,3,72,344,0,71,314,0,69,120,0,68,0,0,66,0,2,2,150,59,59,45,0,57,142,0,57,150,0,45,200,0,45,122,0,0,999,0,0,0,0,0,999,0,0,999,0,0,600,2,0,1000,6,0,1000,18,0,900,20,0,450,26,90,200,21,90,0,12,0,0,13,90,0,17,90,0,18,0,0,15,999,0,7,0,0,3,90,0,6,,,,0,0,0,0,0,0,0,0,1,,,,0,0,0,,,,0,0,0,0,0,0,0,0,0,0,0,0,0,0,0,0,0,0,0,0,0,0,0,0,0,0,0
830,SIN,Singapore,4,3,0,0,0,0,0,0,0,0,0,0,0,0,0,0,0,0,0,0,0,0,0,0,0,0,0,0,0,0,0,0,0,0,0,0,0,0,0,0,0,0,0,0,0,0,0,0,0,0,0,0,0,0,0,0,0,0,0,0,0,0,0,0,0,0,0,0,0,0,0,0,0,0,0,0,0,0,0,0,0,0,0,0,0,3,0,0,0,,,,0,0,0,0,0,0,0,0,0,,,,0,0,0,,,,0,0,0,0,0,0,0,0,0,0,0,0,0,0,0,0,0,0,0,0,0,0,0,0,0,0,0
732,ROK,Korea South,4,3,0,0,2,0,0,3,0,0,2,0,0,2,0,0,2,2,0,0,0,0,1,0,0,1,0,0,0,0,0,0,0,0,0,0,0,0,0,0,0,0,0,0,0,0,0,0,0,0,0,0,0,0,0,0,0,0,0,0,0,0,0,0,0,0,0,0,0,0,0,0,0,0,0,0,0,0,0,0,0,0,0,0,0,0,0,0,0,,,,0,0,0,0,0,0,0,0,0,,,,0,0,0,,,,0,0,0,0,0,0,0,0,0,0,0,0,0,0,0,0,0,0,0,0,1000,0,0,1000,0,0,1000
713,TAW,Taiwan,4,3,0,0,0,0,0,0,0,0,0,0,0,0,0,0,0,0,0,0,0,0,0,0,0,0,0,0,0,0,0,0,0,0,0,0,0,0,0,0,0,0,0,0,0,0,0,0,0,0,0,0,0,0,0,0,0,0,0,0,0,0,0,0,0,0,0,0,0,0,0,0,0,0,0,0,0,0,0,0,0,0,0,0,0,0,0,0,0,,,,0,0,0,0,0,0,0,0,0,,,,0,0,0,,,,0,0,0,0,0,0,0,0,0,0,0,0,0,0,0,0,0,0,0,0,0,0,0,0,0,0,0
800,THI,Thailand,4,3,0,0,369,0,0,406,0,0,408,0,0,478,0,0,461,422,0,0,0,0,336,0,0,277,0,0,217,0,0,158,0,0,188,0,0,206,0,0,96,0,0,98,0,0,83,0,0,108,0,0,255,0,0,673,0,0,545,0,0,437,0,0,440,0,0,404,0,0,405,0,0,381,0,0,126,0,0,169,0,0,193,0,0,382,0,0,165,,,,0,0,148,0,0,74,0,0,74,,,,0,0,80,,,,0,0,80,0,0,80,0,0,70,0,0,77,0,0,77,0,0,77,0,0,77,0,0,57,0,0,0
816,VIE,Vietnam,4,3,319,0,10,314,0,10,308,0,22,306,0,15,310,0,15,16,0,307,302,0,16,295,0,16,300,0,16,292,0,15,281,0,15,281,0,15,288,0,34,295,0,25,295,0,30,304,0,35,90,0,19,123,0,21,122,0,17,125,0,17,74,0,25,46,0,21,52,0,20,62,0,21,79,0,21,62,0,30,999,0,33,61,0,35,0,0,30,,,,185,2700,80,129,2700,0,156,2700,0,,,,50,4000,35,,,,50,4000,200,40,4000,200,40,3500,200,60,1197,0,60,1092,0,60,2091,0,40,1003,0,940,600,900,900,0,900
692,BAH,Bahrain,5,5,0,0,0,0,0,0,0,0,0,0,0,0,0,0,0,0,0,0,0,0,0,0,0,0,0,0,0,0,0,0,0,0,0,0,0,0,0,0,0,0,0,0,0,0,0,0,0,0,0,0,0,0,0,0,0,0,0,0,0,0,0,0,0,0,0,0,0,0,0,0,0,0,0,0,0,0,0,0,0,0,0,0,0,0,0,0,0,,,,0,0,0,0,0,0,0,0,0,,,,0,0,0,,,,0,0,0,0,0,0,,,,,,,,,,,,,,,,,,,,,
630,IRN,Iran,5,5,22,0,994,19,0,1003,20,0,1025,25,0,994,27,0,1046,1335,0,35,38,0,2209,34,0,2558,51,0,1895,43,0,1835,40,0,1931,35,0,1900,46,0,2020,50,0,2076,54,0,2220,39,260,1995,65,0,2782,150,0,3650,211,0,2860,270,500,2825,349,1000,2807,880,1000,2600,479,1000,2330,121,1200,840,27,0,810,2,0,560,0,0,110,0,1000,100,0,0,330,,,,0,0,35,0,0,35,0,0,35,,,,0,0,80,,,,0,0,0,0,0,0,0,0,0,0,0,0,0,0,0,0,0,0,0,0,1,0,0,1,0,0,2
645,IRQ,Iraq,5,5,1913,2842,40,2033,2842,45,1688,1700,47,889,1300,63,366,1000,97,132,900,281,294,1100,135,300,700,128,450,700,128,568,900,129,586,1000,104,526,900,110,608,900,114,623,1000,115,636,1000,120,135,1000,40,126,400,65,718,700,48,530,500,60,508,750,80,508,750,95,400,35,95,430,35,95,60,0,75,60,0,0,60,0,0,999,0,0,0,0,0,31,300,0,,,,36,300,0,35,300,0,36,300,0,,,,80,0,14,,,,0,0,0,0,0,0,0,0,0,0,0,0,0,0,0,0,0,0,0,0,0,2,0,0,2,0,0
666,ISR,Israel,5,5,0,285,16,0,285,0,0,285,0,0,0,0,0,0,5,1,276,0,0,250,2,0,225,5,0,225,5,0,225,0,0,0,0,0,0,0,0,0,0,0,0,0,0,0,0,0,0,0,0,0,0,1561,959,0,1518,910,0,1473,867,0,1428,845,0,1394,824,0,1350,800,0,1308,786,0,1265,752,0,1209,718,0,1196,704,0,1152,692,0,1093,664,19,,,,1057,649,9,1007,626,84,1007,626,84,,,,1558,607,0,,,,1165,608,0,1140,597,0,843,585,0,860,580,54,955,740,55,949,797,52,1329,0,52,1247,0,52,1228,0,0
663,JOR,Jordan,5,5,0,0,622,0,0,617,0,0,863,0,160,610,0,168,168,164,800,0,0,800,155,0,0,1644,0,0,1580,0,0,1518,0,0,1464,0,0,1414,0,0,1362,0,0,1295,0,0,1232,0,0,1074,0,0,1011,0,0,1700,0,0,1429,0,0,1200,0,0,870,0,0,853,0,0,823,0,0,800,0,0,775,0,0,749,0,0,733,0,0,716,0,0,682,,,,0,0,664,0,0,646,0,0,645,,,,0,0,582,,,,0,0,558,0,0,543,0,0,506,0,0,490,0,0,494,0,0,510,0,0,707,0,0,670,0,0,663
690,KUW,Kuwait,5,5,0,0,40,0,0,51,0,0,14,0,0,14,0,0,52,65,0,0,0,0,65,0,0,50,0,0,52,0,0,52,0,0,52,0,0,90,0,0,42,0,0,55,0,0,25,0,0,0,0,0,0,0,0,80,386,0,170,0,0,325,0,0,350,0,0,365,0,0,300,0,0,0,0,0,0,0,0,0,0,0,0,0,0,0,0,0,0,,,,0,0,0,0,0,0,0,0,0,,,,0,0,250,,,,0,0,150,0,0,150,0,0,0,0,0,0,0,0,0,0,0,0,0,0,0,0,0,0,0,0,0
660,LEB,Lebanon,5,5,2,240,334,0,240,326,0,200,294,0,250,297,4,300,266,256,300,0,1,300,409,4,275,390,4,325,383,0,375,378,0,425,368,0,450,362,0,450,355,0,400,348,0,600,338,0,700,329,0,400,323,0,750,354,110,800,306,0,750,549,0,650,294,0,600,287,0,600,277,0,600,266,0,600,258,0,60,242,0,50,235,0,400,230,3,1000,212,,,,20,400,201,372,150,197,372,150,197,,,,0,0,194,,,,0,0,191,0,0,187,0,0,181,0,0,172,0,0,166,0,0,161,0,0,164,0,0,155,0,0,153
698,OMA,Oman,5,5,0,0,0,0,0,0,0,0,0,0,0,0,0,0,0,0,0,0,0,0,0,0,0,0,0,0,0,0,0,0,0,0,0,0,0,0,0,0,0,0,0,0,0,0,0,0,0,0,0,0,0,0,0,0,0,0,0,0,0,0,0,0,0,0,0,0,0,0,0,0,0,0,0,0,0,0,0,0,0,0,0,0,0,0,0,0,3,,,,0,0,0,0,0,0,0,0,0,,,,0,0,0,,,,0,0,0,0,0,0,0,0,0,0,0,0,0,0,0,0,0,0,0,0,0,0,0,0,0,0,0
667,PAL,Palestine,5,5,3227,70,1828,3156,70,1792,3036,25,1739,2972,0,1686,2986,0,1635,1588,0,3000,3000,26,1506,4123,20,1460,4000,17,1408,3931,17,1368,3816,0,1328,3743,0,1298,3718,0,1249,3286,0,1201,3137,0,1148,2801,0,1082,2658,0,1019,3485,0,0,3218,0,0,3729,0,0,2797,0,0,2672,0,0,2150,0,0,2094,0,0,2017,0,0,1927,0,0,1884,0,0,1844,0,0,1757,0,0,,,,1706,0,0,1633,0,0,1633,0,0,,,,2165,0,0,,,,1773,0,0,1737,0,0,1428,0,0,1440,0,0,1695,0,0,1746,0,0,1329,0,0,1247,0,0,1228,0,0
694,QAT,Qatar,5,5,0,0,0,0,0,0,0,0,0,0,0,0,0,0,0,0,0,0,0,0,0,0,0,0,0,0,0,0,0,0,0,0,0,0,0,0,0,0,0,0,0,0,0,0,0,0,0,0,0,0,0,0,0,0,0,0,0,0,0,0,0,0,0,0,0,0,0,0,0,0,0,0,0,0,0,0,0,0,0,0,0,0,0,0,0,0,0,,,,0,0,0,0,0,0,0,0,0,,,,0,0,0,,,,0,0,0,0,0,0,,,,,,,,,,,,,,,,,,,,,
670,SAU,Saudi Arabia,5,5,0,0,291,0,0,288,0,0,241,0,0,241,0,0,244,241,0,0,0,0,245,0,0,128,0,0,128,0,0,129,0,0,128,0,0,117,0,0,258,0,0,13,0,0,17,0,0,25,0,0,27,0,0,34,0,0,541,0,0,130,0,0,70,0,0,0,0,0,0,0,0,0,0,0,0,0,0,0,0,0,0,0,0,0,0,0,0,,,,0,0,0,0,0,0,0,0,0,,,,0,0,300,,,,0,0,100,0,0,100,0,0,0,0,0,0,0,0,0,0,0,0,0,0,0,0,0,0,0,0,0
652,SYR,Syria,5,5,0,433,1764,0,433,1852,3,305,1329,0,0,866,0,0,702,497,170,4,0,170,482,0,500,398,0,500,389,0,450,379,0,125,370,0,125,361,0,125,384,0,300,342,0,0,333,0,0,319,0,0,308,0,0,294,0,0,381,0,0,273,0,0,265,0,0,260,0,33,251,0,0,245,0,0,232,0,0,221,0,0,215,0,0,209,0,0,198,,,,0,0,193,0,0,434,0,0,434,,,,0,100,184,,,,0,100,179,0,100,174,0,100,167,0,0,162,0,0,250,0,0,240,0,0,140,0,0,131,0,0,129
696,UAE,United Arab Emirates,5,5,0,0,0,0,0,0,0,0,0,0,0,0,0,0,0,0,0,0,0,0,0,0,0,0,0,0,0,0,0,0,0,0,0,0,0,0,0,0,0,0,0,0,0,0,0,0,0,0,0,0,0,0,0,0,0,0,40,0,0,0,0,0,0,0,0,0,0,0,0,0,0,0,0,0,0,0,0,0,0,0,0,0,0,0,0,0,0,,,,0,0,3,0,0,50,0,0,50,,,,0,0,2,,,,0,0,0,0,0,0,0,0,0,0,0,45,0,0,0,0,0,0,0,0,0,0,0,0,0,0,0
679,YEM,Yemen,5,5,0,100,146,0,30,125,0,0,97,0,0,83,0,0,74,75,0,0,0,0,82,0,0,70,0,0,68,0,0,60,0,0,69,0,0,65,0,0,55,0,0,53,0,110,14,0,0,60,0,0,52,,,,,,,,,,,,,,,,,,,,,,,,,,,,,,,,,,,,,,,,,,,,,,,,,,,,,,,,,,,,,,,,,,,,,,,,,,,,,,,,,,,,
700,AFG,Afghanistan,6,3,2808,235,0,2909,200,0,3260,132,0,2192,177,0,2088,0,0,0,250,3000,3500,700,0,4500,1000,0,3600,375,0,2560,625,0,2600,770,0,2622,1250,0,2629,1200,19,2328,500,18,2835,1000,20,3430,0,35,4286,530,52,6601,2000,0,6057,2000,0,5934,2000,0,5927,2000,0,5715,2000,0,4715,1000,0,3486,1000,0,3656,0,0,3304,0,0,2600,0,0,1519,0,0,702,0,0,,,,0,0,0,0,0,0,0,0,0,,,,0,0,0,,,,0,0,0,0,0,0,0,0,0,0,0,0,0,0,0,0,0,0,0,0,0,0,0,0,0,0,0
771,BNG,Bangladesh,6,3,10,280,193,43,500,178,42,500,178,10,0,150,7,0,150,120,0,0,0,60,122,0,175,122,0,60,122,0,50,53,0,50,53,40,0,40,53,0,40,48,0,55,48,0,116,54,0,199,50,0,245,65,0,290,75,0,250,50,0,0,48,0,0,50,0,258,0,0,0,0,0,0,0,0,0,0,0,0,0,0,0,0,0,0,0,0,55,,,,0,400,0,0,0,0,0,0,0,,,,142,0,390,,,,546,0,260,689,0,260,4951,0,260,2500,0,260,2500,0,250,2500,0,250,2142,0,250,2142,0,38,2050,0,75
760,BHU,Bhutan,6,3,116,0,0,124,0,0,119,0,0,122,0,0,121,0,0,0,0,129,127,0,0,126,0,0,144,0,0,125,0,0,115,0,0,113,0,0,122,0,0,119,0,0,117,0,0,105,0,0,95,0,0,25,0,0,0,0,0,0,0,0,0,0,0,0,0,0,0,0,0,0,0,0,0,0,0,0,0,0,0,0,2,0,0,6,0,0,3,,,,0,0,4,0,0,4,0,0,0,,,,0,0,3,,,,0,0,3,0,0,3,0,0,6,0,0,6,0,0,3,0,0,3,0,0,3,0,0,3,0,0,3
750,IND,India,6,3,3,500,411,3,500,420,11,600,436,9,600,515,12,500,393,317,650,36,39,600,332,17,500,346,17,507,290,15,507,292,22,520,292,13,200,324,13,250,352,0,250,319,0,250,328,0,250,326,0,280,378,10,85,403,8,85,416,0,65,261,0,6,247,0,6,282,0,0,227,0,0,142,0,0,8,0,0,5,0,0,3,0,0,85,0,0,65,,,,0,0,72,0,0,70,0,0,70,,,,390,0,239,,,,260,0,1118,260,0,1261,260,0,5507,260,0,3055,500,0,3050,500,0,3050,500,0,2380,75,60,2380,0,0,2095
705,KZK,Kazakhstan,6,3,0,0,4,0,0,5,0,0,5,0,0,7,0,0,16,15,0,0,0,0,21,0,0,20,0,0,20,0,0,15,0,0,4,0,0,14,0,0,14,0,0,6,0,0,0,0,0,6,0,0,0,,,,,,,,,,,,,,,,,,,,,,,,,,,,,,,,,,,,,,,,,,,,,,,,,,,,,,,,,,,,,,,,,,,,,,,,,,,,,,,,,,,,
703,KYR,Kyrgyzstan,6,3,0,0,0,0,0,0,0,0,0,0,0,3,0,0,4,8,0,0,0,0,8,0,0,10,0,0,11,0,0,11,0,0,15,0,0,16,0,0,17,0,0,8,0,0,0,0,0,4,0,0,0,,,,,,,,,,,,,,,,,,,,,,,,,,,,,,,,,,,,,,,,,,,,,,,,,,,,,,,,,,,,,,,,,,,,,,,,,,,,,,,,,,,,
790,NEP,Nepal,6,3,10,60,121,50,60,130,103,150,130,202,0,131,101,0,131,135,150,0,0,125,132,0,0,131,0,0,129,0,0,130,0,0,118,0,0,116,0,0,110,0,0,107,0,0,105,0,0,99,0,0,89,0,0,24,0,0,14,0,0,12,0,0,12,0,0,0,0,0,0,0,0,0,0,0,0,0,0,0,0,0,11,0,0,15,0,0,8,,,,0,0,10,0,0,10,0,0,10,,,,0,0,8,,,,0,0,8,0,0,8,0,0,8,0,0,8,0,0,8,0,0,9,0,0,10,0,0,8,0,0,11
770,PAK,Pakistan,6,3,17,3000,1776,7,0,1878,10,0,2162,10,0,1088,15,0,969,1219,0,21,10,0,1518,10,0,2018,0,0,2019,0,0,1217,0,0,1217,0,0,1216,0,0,1216,0,0,868,0,0,1203,0,0,1482,0,0,1577,260,0,3604,250,0,3677,0,0,3588,0,0,3595,258,0,3545,0,0,2802,0,0,2725,0,0,2925,0,0,2801,0,0,2600,0,0,1399,55,0,402,,,,0,0,0,0,0,0,0,0,0,,,,65,0,40,,,,516,0,0,516,1100,0,500,0,0,500,0,0,500,0,250,500,0,250,142,0,250,142,0,33,0,0,0
780,SRI,Sri Lanka,6,3,123,495,0,107,500,0,109,500,0,79,341,0,88,353,0,0,500,106,155,563,0,144,800,0,110,600,0,110,560,0,126,560,0,100,800,0,100,900,0,96,850,0,104,525,0,107,600,0,181,600,0,210,600,0,228,1000,0,103,500,0,92,450,0,125,100,0,125,120,0,50,0,0,0,0,0,0,0,0,0,0,0,0,0,0,0,0,0,,,,0,0,0,0,0,0,0,0,0,,,,0,0,0,,,,0,0,0,0,0,0,0,0,0,0,0,0,0,0,0,0,0,0,0,0,0,0,0,0,0,0,0
702,TAJ,Tajikistan,6,3,0,0,0,0,0,0,0,0,0,54,0,3,56,0,4,3,0,60,53,0,4,55,0,5,60,0,12,63,0,5,15,0,6,32,0,4,216,50,2,170,0,2,165,0,2,153,0,0,52,400,0,,,,,,,,,,,,,,,,,,,,,,,,,,,,,,,,,,,,,,,,,,,,,,,,,,,,,,,,,,,,,,,,,,,,,,,,,,,,,,,,,,,,
701,TKM,Turkmenistan,6,3,0,0,0,0,0,0,0,0,0,0,0,12,0,0,13,14,0,0,0,0,14,0,0,14,0,0,14,0,0,18,0,0,0,0,0,13,0,0,22,0,0,0,0,0,0,0,0,0,0,0,0,,,,,,,,,,,,,,,,,,,,,,,,,,,,,,,,,,,,,,,,,,,,,,,,,,,,,,,,,,,,,,,,,,,,,,,,,,,,,,,,,,,,
704,UZB,Uzbekistan,6,3,0,3,0,0,3,0,0,3,0,0,0,45,0,0,45,42,0,0,0,0,38,0,0,38,2,0,38,33,0,38,45,0,0,46,0,1,52,0,3,48,0,3,50,0,2,51,0,0,0,0,0,,,,,,,,,,,,,,,,,,,,,,,,,,,,,,,,,,,,,,,,,,,,,,,,,,,,,,,,,,,,,,,,,,,,,,,,,,,,,,,,,,,,